board,color,number_of_moves_to_mate,move_sequence
4rr2/2p1n1R1/pq1pkp2/1N6/BpppN1P1/b5B1/8/3K3Q w - - 0 1,white,3,not available
4rr2/q1p1n1R1/p3kp2/1N1p4/B1ppN1P1/6B1/bp6/3K3Q w - - 0 1,white,3,not available
rn1q1b1r/pp2kppp/3np3/1B2NQ2/P2p4/2N5/1P3PPP/R1B1K2R w KQ - 0 1,white,3,not available
r2qr1k1/ppp1bp1p/2n3pB/4R1P1/8/2PB1Q1P/P1P2P2/R5K1 w - - 0 1,white,3,not available
2q5/1r2Bp1k/4pQpN/1pp1P2p/2p5/6P1/1P2PPKP/3r4 w - - 0 1,white,3,not available
rnb1kb1r/pp3ppp/2p5/4q3/4n3/3Q4/PPPB1PPP/2KR1BNR w kq - 0 1,white,3,not available
1r3r1k/2pbq1n1/p3p1nN/1p1P4/2P5/3BP2R/6PP/B4RK1 w - - 0 1,white,3,not available
5rk1/3p1ppp/2p5/2RN3R/8/Q7/P1P5/1K6 w - - 0 1,white,3,not available
rq3rk1/pbp3pp/1p1b4/3N1p2/2B5/P3PPn1/1P3P1P/2RQK2R w - - 0 1,white,3,not available
2R4R/p4pp1/1p2p1kp/8/nP4NP/5PK1/q3P3/8 w - - 0 1,white,3,not available
8/5Q2/1p5k/2b1p1p1/P3P2p/2P1BPPP/1P2n2K/3q4 w - - 0 1,white,3,not available
r6r/4ppk1/2bp1R2/6N1/p2pP1PQ/3P3P/PPq5/3R3K w - - 0 1,white,3,not available
rn4k1/pp2p3/1qppPrn1/3P3R/4Q1p1/P1P2P2/2PB4/2K4R w - - 0 1,white,3,not available
6k1/6p1/3Np2p/2P1P3/1p2Q1Pb/1P5P/1qr5/5RK1 w - - 0 1,white,3,not available
r6k/pp2BpRp/8/8/4N3/7P/qPP5/2KR4 w - - 0 1,white,3,not available
6kr/1q2r1p1/1p2N1Q1/5p2/1P1p4/6R1/7P/2R3K1 w - - 0 1,white,3,not available
r6k/ppp4r/3pqNP1/6Q1/3P4/8/PPP3P1/2K5 w - - 0 1,white,3,not available
r6Q/1b2rk2/pp1q1p2/2np1B2/P1n2R2/2N5/1PP3PP/4R2K w - - 0 1,white,3,not available
rqbnkb1r/p3p1pp/2p2p2/4N3/Q1B1PP2/8/PP4PP/R1B2K1R w - - 0 1,white,3,not available
5Q2/p6p/6p1/2R2p1k/7P/1P4P1/P1p2P2/3qrBK1 w - - 0 1,white,3,not available
2rq2nr/1bNkbppp/p2p4/4p3/PpQnP3/1B2BN2/1P3PPP/2RR2K1 w - - 0 1,white,3,not available
kr5Q/p3q3/3R1p2/1P2B3/8/8/1K6/8 w - - 0 1,white,3,not available
r2qkbnr/pppb2pp/5pn1/3Pp3/4Q3/2PBBN2/PP4PP/RN2K2R w - - 0 1,white,3,not available
r5r1/p1q2p1k/1p1R2pB/3pP3/6bQ/2p5/P1P1NPPP/6K1 w - - 0 1,white,3,not available
k1r4r/1p6/nP6/5p1q/5Bn1/R5P1/5P2/5BK1 w - - 0 1,white,3,not available
7k/4K1pp/7N/8/8/8/8/B7 w - - 0 1,white,3,not available
3q1r1k/4N1pp/5pb1/8/R1Q5/8/6PP/7K w - - 0 1,white,3,not available
6rk/3P1Qpp/1p6/6r1/P7/1P2q3/5RPP/6K1 w - - 0 1,white,3,not available
rnbq1k2/pp2pprp/6p1/1B2P3/3N4/2N5/PPP3PP/3RK2R w - - 0 1,white,3,not available
r5nr/pp2bppp/5k2/3Qp1q1/4P3/2P5/5PPP/RN3RK1 w - - 0 1,white,3,not available
2r1q1r1/7k/p2pNbpp/1p6/4P3/3R3Q/PnP4P/1K6 w - - 0 1,white,3,not available
kN1Rr3/pnQ5/8/4P3/qPK5/8/8/8 w - - 0 1,white,3,not available
r1bq2rk/1p1p4/p1n1pPQp/3n4/4N3/1N1B4/PPPb2PP/R4R1K w - - 0 1,white,3,not available
1k2r2r/1p6/1P4b1/2NpPp2/RR1K3p/8/8/8 w - - 0 1,white,3,not available
r3b3/3p2q1/8/1N1kp1b1/BP4P1/2P1P3/2K1Q3/8 w - - 0 1,white,3,not available
r2q2kr/pppbb2p/2np3B/1B1N3Q/3PP2P/8/PPP5/6K1 w - - 0 1,white,3,not available
r4kr1/ppRb1p1Q/4pP1P/3n4/1p1N3R/q7/5PP1/6K1 w - - 0 1,white,3,not available
r1b2knr/ppN2ppp/2n5/8/8/8/qPPQ1PPP/2KR1B1R w - - 0 1,white,3,not available
8/5K1n/r2p2r1/4k3/4p3/6P1/5N2/3R1R2 w - - 0 1,white,3,not available
8/8/2N4R/5pn1/4r1k1/4r3/6K1/5R2 w - - 0 1,white,3,not available
4kb1r/pr1p1ppp/2p5/1N2P1B1/q7/P7/1P1Q1PPP/3RK2R w Kk - 0 1,white,3,not available
r2q1nk1/pp2npp1/2p1p3/3pP2Q/1b1P2PN/2N1B3/PPP2PK1/7R w - - 0 1,white,3,not available
2r2k2/1bq2p1r/p4P2/2p1R2p/Pp6/6Q1/1P4PP/4R1K1 w - - 0 1,white,3,not available
rr3k2/pppq1pN1/1b1p2nQ/1b2p1N1/4P3/2PP3P/PP3PP1/R4RK1 w - - 0 1,white,3,not available
7k/6Rp/2b2nP1/5qn1/8/1Q6/6R1/7K w - - 0 1,white,3,not available
r1b2k1r/1ppp3p/p7/2bNP1NB/6Pp/2P3q1/PP4P1/R1BQ3K w - - 0 1,white,3,not available
r1bq1r1k/pp4b1/2p3p1/4p1Qn/2B1P3/2N5/PPP2PP1/2K4R w - - 0 1,white,3,not available
3rkb1r/p1Rnpppp/8/8/Q2BP3/3B3P/P1Pq1PP1/5RK1 w k - 0 1,white,3,not available
4r3/1R4pp/p2r4/kn2pp2/8/2RNK1P1/1P3P1P/8 w - - 0 1,white,3,not available
5k2/r2R2n1/2n3P1/2N5/3p4/Q5b1/P2q3r/K7 w - - 0 1,white,3,not available
r1b3kr/ppp1Bp1p/1b6/n2P4/2p3q1/2Q2N2/P4PPP/R3R1K1 w - - 0 1,white,3,not available
3kq2r/p1n2pbp/6p1/PbB5/4Q3/6PB/5P1P/2R3K1 w - - 0 1,white,3,not available
2R5/kp6/Pbp5/5Q2/2rq4/P7/5P2/6K1 w - - 0 1,white,3,not available
r4b1n/p6k/4bB2/4N2P/3pP3/6Q1/PP1p1PK1/R6R w - - 0 1,white,3,not available
4R3/kpp5/pb3q2/1r6/8/7Q/r2P1PB1/6K1 w - - 0 1,white,3,not available
r2qbb1r/1pp1k1p1/p1n4p/3p4/3Pn1QP/1B6/PPP2PP1/RN2R1K1 w - - 0 1,white,3,not available
2q2rk1/5Npp/4Q3/8/8/8/6PP/7K w - - 0 1,white,3,not available
r5r1/pppq1pnk/4p1pp/8/2P2PP1/P1QPPR1R/1B5P/7K w - - 0 1,white,3,not available
1bkr3r/pp1n1ppp/2q1pnb1/1N6/2BP1B2/5Q2/PPP3PP/4RR1K w - - 0 1,white,3,not available
3r3k/pbp1N1pp/3q4/2p1nR2/2B4Q/P3P3/1PP3P1/2K5 w - - 0 1,white,3,not available
3n2rk/p6p/1p4r1/5N2/3pP3/1P2R2Q/P1q3PP/6K1 w - - 0 1,white,3,not available
r1b1Nk2/pp2nPrp/1qp5/2n3N1/2p2Q2/8/PPP3PP/R1B2R1K w - - 0 1,white,3,not available
4r2r/2b5/4p3/1p1qN2k/R4n2/2n1B1P1/8/1Q2K3 w - - 0 1,white,3,not available
3rkb1r/pp1n1pp1/q1pBpn1p/5N2/2PP4/3Q1N2/PP3PPP/R3R1K1 w - - 0 1,white,3,not available
4r1k1/pR3pp1/1n3P1p/q2p4/5N1P/P1rQpP2/8/2B2RK1 w - - 0 1,white,3,not available
2bQ4/1k6/1p6/pN6/6p1/3P1n2/5PK1/4q3 w - - 0 1,white,3,not available
5N1k/6p1/5n1p/8/4Q3/2q5/6B1/7K w - - 0 1,white,3,not available
1Q6/8/8/7p/6pp/6nk/5KN1/8 w - - 0 1,white,3,not available
8/8/1B2p3/1N6/8/2Nn4/3n2K1/4k3 w - - 0 1,white,3,not available
3r1r1k/1q2Bppp/p1bpp3/1p3P2/3QPR2/2n4R/PPP1B1PP/7K w - - 0 1,white,3,not available
r1b1rqk1/5p2/5Pp1/ppp1B1Q1/8/1P1P3R/P5PP/5RK1 w - - 0 1,white,3,not available
1k1r4/ppnr2pp/4p3/4Q3/1q6/6P1/PP3PBP/2RR2K1 w - - 0 1,white,3,not available
2kr1b1r/pp6/2n1P1p1/3N3p/2BP1BP1/3K1Q2/PPP5/6q1 w - - 0 1,white,3,not available
8/6p1/4b1Rp/4q2k/7b/1B6/2PB2Q1/2K5 w - - 0 1,white,3,not available
r4r1k/pppqNppp/3p1B2/4p3/3nP3/3P1b2/PPPQ1PPP/R4RK1 w - - 0 1,white,3,not available
1r3r2/1b2p3/p2p2R1/k1pQ4/1p1n4/1P2N1Pq/2P2P2/6K1 w - - 0 1,white,3,not available
r1b1r3/pppq4/2n1p1k1/3pP1b1/3P1p2/2P4Q/PP3P1P/R5RK w - - 0 1,white,3,not available
8/4R3/3r4/6R1/Pk1Nb3/nP2p3/1K3p2/1n4r1 w - - 0 1,white,3,not available
2r4r/k7/P7/8/q5p1/6p1/1R4P1/1Q3RK1 w - - 0 1,white,3,not available
r1b1kb1r/3pnppp/p6n/qp4N1/8/PQ6/B4PPP/1NBR2K1 w - - 0 1,white,3,not available
r4rk1/pbq1bp1p/4pQp1/4N3/8/4P3/PB3PPP/RB3RK1 w - - 0 1,white,3,not available
r1bnr1k1/1p2b1pp/1q2pn2/p2p2N1/3P1N2/3Q4/PP3PPP/RBB2RK1 w - - 0 1,white,3,not available
5kr1/ppp1r1pR/1q1p1p2/1b3P1B/4P3/1Q6/PPP3P1/1K5R w - - 0 1,white,3,not available
6r1/5ppk/7p/2q1N2P/6Q1/8/8/7K w - - 0 1,white,3,not available
8/8/3p4/r2Rb3/2P5/pN6/k1K5/8 w - - 0 1,white,3,not available
2b2r1r/8/1BQp3q/8/1k3b2/8/1PP5/K4n2 w - - 0 1,white,3,not available
6nr/p1p2Bpp/1p1bQ3/4p1k1/4P3/2N5/PPP1KP2/R7 w - - 0 1,white,3,not available
r4b1r/ppp3pp/8/4p3/2Pq2Q1/3k4/PP1P1PPP/1bB1K2R w K - 0 1,white,3,not available
6k1/5ppp/q3n1b1/8/p6Q/Bn1r4/5PPP/3RR1K1 w - - 0 1,white,3,not available
5K2/1r6/ppn1k1rn/4p3/q3P3/2P2N2/1Q6/3R1R2 w - - 0 1,white,3,not available
r7/2p4k/r1qn2pp/8/3B4/5NP1/B7/KR1R4 w - - 0 1,white,3,not available
6rk/p6p/2p2P1P/1p1prNQ1/4q3/2P5/P2nNbP1/4R2K w - - 0 1,white,3,not available
7k/7p/4b3/4b2q/8/2B5/5Q1P/7K w - - 0 1,white,3,not available
r3q1kr/ppp5/3p2pQ/8/3PP1b1/5R2/PPP3P1/5RK1 w - - 0 1,white,3,not available
1r3r2/kpN1Rp2/pn4p1/7p/8/3Q2P1/PPP2q1P/1K5R w - - 0 1,white,3,not available
3r3k/4rpp1/p2qpN1p/1p6/4pP1Q/P5R1/1PP3PP/5R1K w - - 0 1,white,3,not available
5rk1/5ppp/p1B5/2Q1Pb2/1r6/q7/1PP3PP/1K1R3R w - - 0 1,white,3,not available
k7/1pp5/3b4/p7/1nQNB3/3P1P2/2Pr3q/1R3K2 w - - 0 1,white,3,not available
2rqr3/1b3p1p/p3nP1k/1pppPQb1/3P2PP/1PP1N3/1P6/R1B1R1K1 w - - 0 1,white,3,not available
8/1p3pkp/2rQ1p2/3b1q2/5B2/7P/PP2R1PK/8 w - - 0 1,white,3,not available
3r4/pp3kpQ/5p1p/3q1b2/4N3/B7/PP3PPP/4R1K1 w - - 0 1,white,3,not available
rn3rk1/p2p1ppp/4p3/2QPP3/8/2R2N2/Pq3PPP/5RK1 w - - 0 1,white,3,not available
r1b1nrk1/pppp1pp1/2n4p/1q1Np1NQ/4P2P/1B1P4/1PP2PP1/2K4R w - - 0 1,white,3,not available
r4r1k/ppn1p2p/2p1PN2/4P3/2pP1N2/5K2/PPP5/2B3R1 w - - 0 1,white,3,not available
q6n/6Q1/2p2p2/2Pk1P2/3P3p/4PPb1/2PK4/8 w - - 0 1,white,3,not available
r3Rbk1/1p3p1p/2pq2p1/4Q3/2PNn3/1P5P/rB3PP1/5RK1 w - - 0 1,white,3,not available
7k/pp2pr1n/2np1qPQ/5N2/4Pp2/1P6/2P5/1K5R w - - 0 1,white,3,not available
r1bR2nr/ppp2kpp/2n1p3/qB3pB1/1b2p1Q1/2N2N2/PPP2PPP/2K4R w - - 0 1,white,3,not available
6nk/1R6/4NnP1/8/8/1p6/r5r1/4KR2 w - - 0 1,white,3,not available
3n1r1k/1pp2p1p/1r3p1N/p1q2N1Q/4P1R1/1P3PPK/P6P/8 w - - 0 1,white,3,not available
1r4k1/1b2KNpp/8/2pp3P/7B/2Q2pp1/4p3/5r2 w - - 0 1,white,3,not available
R7/1p6/P1p5/1kp5/2rq4/P7/3Q4/7K w - - 0 1,white,3,not available
r1b2rk1/pp5R/2p1p1B1/3pP1b1/2P5/2N1P3/PPQ2P2/3RK3 w - - 0 1,white,3,not available
1kb5/p1NnNn2/1p1P4/P1p1P3/1P6/5pq1/6B1/6K1 w - - 0 1,white,3,not available
2R5/5pkp/p3p1r1/3bP1P1/3NqQP1/8/5P2/6K1 w - - 0 1,white,3,not available
2r1b1k1/5r1p/3p1QpB/q2Pp3/1pp1P3/5R1P/P4PP1/4R1K1 w - - 0 1,white,3,not available
2r3k1/5p2/q2p2p1/p2Qb1P1/1p2P3/1P6/KPP4R/7R w - - 0 1,white,3,not available
4kb2/3p1p1b/4pB2/8/1Pn4K/4QB2/8/5q2 w - - 0 1,white,3,not available
8/2pr2rp/4R1qk/3Q2b1/6P1/6KP/8/3B4 w - - 0 1,white,3,not available
b1R2Nrk/5Rp1/8/1p1p1pK1/1P1P4/2P5/8/r7 w - - 0 1,white,3,not available
r1b1n1rk/1p3p1p/p2p4/5PB1/7Q/1n1R4/P1P3RP/q2B2K1 w - - 0 1,white,3,not available
8/1q6/4pp2/2Kpkr1Q/R4b2/3P4/4n3/3b4 w - - 0 1,white,3,not available
r2q1k1r/ppp1nppp/4bN2/b2nN1Q1/3P1BP1/2PB4/PP6/R3K2R w KQ - 0 1,white,3,not available
r1r3k1/5ppp/7q/3R4/3R2Q1/7P/6P1/6K1 w - - 0 1,white,3,not available
8/8/p2p2pp/2p1b1k1/2P3P1/5Q1R/P4PKP/4q3 w - - 0 1,white,3,not available
r5k1/pppbP1pR/3n2P1/3P4/5R2/n1PB4/P4K2/8 w - - 0 1,white,3,not available
4r3/5R2/p5pp/6k1/8/1B4KP/P1P1r3/8 w - - 0 1,white,3,not available
n7/kr1P4/8/Kp6/8/8/8/7Q w - - 0 1,white,3,not available
2r2qk1/r4p1p/b3pBpQ/n3P2P/p2p3R/P5P1/2p2PB1/R5K1 w - - 0 1,white,3,not available
4N2k/pQ4b1/2np2pp/4p2n/4q3/8/1P4PP/5RBK w - - 0 1,white,3,not available
Q2nk3/1p2p3/1r1bB3/4q3/8/7P/6P1/5R1K w - - 0 1,white,3,not available
Q4b2/3Ppk1K/3n4/4pn2/8/2N5/8/5q2 w - - 0 1,white,3,not available
5rk1/pp2R2p/2b2Pp1/2pp4/5R2/6Q1/Pq4PP/6K1 w - - 0 1,white,3,not available
5k2/rqQ1Rp2/3r4/7N/2n5/B7/8/K7 w - - 0 1,white,3,not available
3rk3/2R1n1b1/4B1np/3pP2Q/1p1q1N1P/1P4P1/5P1K/8 w - - 0 1,white,3,not available
2r2rk1/p3qp1p/1p2p1pQ/nP1bR3/8/P2B4/1BP2PPP/3R2K1 w - - 0 1,white,3,not available
2b2r1k/2q2ppp/p3p1r1/2p5/2B1P3/2Q2P1P/P4P2/B5RK w - - 0 1,white,3,not available
N5Q1/8/2kp1q2/4p3/Pp6/4Bb2/2K5/8 w - - 0 1,white,3,not available
B1k1K3/3p4/Nb1P4/q1nQ4/8/8/8/8 w - - 0 1,white,3,not available
2b1k1r1/2r2p2/4pQ2/4R3/ppqNpP2/8/PPP3PP/2KR4 w - - 0 1,white,3,not available
2b2r1k/1p2qp1p/p1r2b2/3p1pQ1/3BP2P/7B/PPP5/1K3RR1 w - - 0 1,white,3,not available
r5rk/pp1b1p1p/1qn1pPpQ/5nPP/5P2/1PP5/2B5/R1B1K2R w KQ - 0 1,white,3,not available
k2rR1nr/pp4pp/1qn5/8/5BQ1/3B4/PP4PP/R6K w - - 0 1,white,3,not available
2rqk2r/p2b3p/4pbpB/3n4/pP6/P2Q2N1/5PPP/1B2R1K1 w - - 0 1,white,3,not available
2r1kb1r/1b3pp1/p3N2p/1p2P3/5P1B/2PBq2P/P5PK/3R1R2 w - - 0 1,white,3,not available
5bkr/2p3pp/R3P3/Q7/8/pP5q/P1P4P/6RK w - - 0 1,white,3,not available
5k2/pp3pb1/3p1N2/2pP1r2/2P4Q/2B5/PP2q2P/6RK w - - 0 1,white,3,not available
4bk1r/5p1p/1qp3pN/2b2PP1/5n2/BB6/5P2/3Q2K1 w - - 0 1,white,3,not available
4bk1r/5pnp/1qp3p1/2b3P1/6NP/BB6/5P2/3Q2K1 w - - 0 1,white,3,not available
2rn1k1r/1R3p1p/6p1/2b3P1/5nNP/1B5q/5P2/3Q2K1 w - - 0 1,white,3,not available
3r1k2/1bb2p1p/6pN/6Pq/B4n2/6P1/5P2/3QR1K1 w - - 0 1,white,3,not available
5rk1/5p1p/2b3pP/5PPq/5n2/Q7/B2R4/4R1K1 w - - 0 1,white,3,not available
5rk1/5p1p/1b6/2qp2p1/5PP1/8/1B4K1/RQ6 w - - 0 1,white,3,not available
r7/p6p/1p1R2p1/1R5b/1P2p1k1/P5P1/r3PPK1/8 w - - 0 1,white,3,not available
r1b2k1r/1p1p1pp1/p2P4/4N1Bp/3p4/8/PPB2P2/2K1R3 w - - 0 1,white,3,not available
3r1k2/1b3p1p/2n3p1/5PPq/B4n2/8/6P1/3QR1K1 w - - 0 1,white,3,not available
5rrk/5pb1/p1pN3p/7Q/1p2PP1R/1q5P/6P1/6RK w - - 0 1,white,3,not available
r1b1qr2/1p3p2/p3pk2/4N1bp/7P/2PQ2B1/P5P1/1B5K w - - 0 1,white,3,not available
r1bq1b1r/p2k2pp/1p3p2/2pP1n2/2BnNB2/P7/1PP1Q1PP/R3K2R w KQ - 0 1,white,3,not available
r6k/pppnNr1p/5p1Q/2q2N2/2n2P2/4R3/PPP3PP/6K1 w - - 0 1,white,3,not available
2r4k/1p1b3p/p3p3/3pPp2/1P3Q2/6RK/1qp5/7R w - - 0 1,white,3,not available
5r2/b4KPk/3R3p/8/8/7r/5p2/4B3 w - - 0 1,white,3,not available
r1b5/pp4kp/6p1/3p2Nq/3P4/Q5P1/PPP3P1/4R1K1 w - - 0 1,white,3,not available
7r/3qNN2/7Q/5r1R/4k3/3bPn2/1p3P2/3K4 w - - 0 1,white,3,not available
r1bq1k1r/pp2R1pp/2pp1p2/1n1N4/8/3P1Q2/PPP2PPP/R1B3K1 w - - 0 1,white,3,not available
2r1kb1r/1ppb1p2/5n2/4N3/6pq/1Q6/P1P1RPP1/R5K1 w k - 0 1,white,3,not available
8/8/6R1/1p5p/p1b2K1k/2P2P2/1P4PP/1r6 w - - 0 1,white,3,not available
r1b1k2r/pp3ppp/n1n5/1Nb1pqB1/Q7/8/PP2PPPP/2KR1B1R w kq - 0 1,white,3,not available
4r3/5Nk1/pp1Bq1p1/2p1P3/1n1b3Q/3P4/1P4KP/8 w - - 0 1,white,3,not available
3bk1nr/p4ppp/nr6/8/1B1P1Q2/2P2N1q/P3B3/5RK1 w k - 0 1,white,3,not available
r3r3/3R1Q2/pqb1p1pk/1p4N1/6P1/4P3/Pb3P1P/2R3K1 w - - 0 1,white,3,not available
1r4B1/4N1kp/3Q4/6pP/3b4/5P2/1r1q4/K7 w - - 0 1,white,3,not available
1kN1n3/R1n5/1K6/3R4/4r3/8/8/8 w - - 0 1,white,3,not available
2b3r1/1r3p1p/3Qp1k1/p3R3/2PB1P2/8/PPq3PP/3R2K1 w - - 0 1,white,3,not available
k1n5/p4Q2/8/3p4/1N4p1/4qb1P/6B1/7K w - - 0 1,white,3,not available
4B2r/8/8/3K2p1/5kPp/R6P/5rP1/4N3 w - - 0 1,white,3,not available
8/2p3r1/1p5p/5K1k/8/R5P1/1P4P1/8 w - - 0 1,white,3,not available
8/8/5qpb/3K1k1p/1R5P/4P3/6P1/8 w - - 0 1,white,3,not available
8/4Np2/7p/4b1pk/1r2P2P/5PP1/2R2K2/8 w - - 0 1,white,3,not available
r4rk1/ppqb1p1p/1nn1p1p1/2b3N1/2N5/PP1BP2P/1B3PP1/R2Q1K1R w - - 0 1,white,3,not available
R7/5qp1/5pk1/5p1r/5K1P/6P1/8/3Q4 w - - 0 1,white,3,not available
r5k1/r4pb1/2p1p1p1/p1q1P1P1/1p1p1Q1R/1P6/P2B1P2/5BKR w - - 0 1,white,3,not available
r2k1r2/pp1b2pp/1b2Pn2/2p5/Q1B2Bq1/2P5/P5PP/3R1RK1 w - - 0 1,white,3,not available
r2qrk2/4bppB/p7/1p1bN2Q/1n6/8/1B3PPP/2RR2K1 w - - 0 1,white,3,not available
r4r1k/2q2p1p/5p2/p2pbN2/1ppB3Q/1P2P3/P1PP2PP/6K1 w - - 0 1,white,3,not available
r4r1k/1p3p1p/2p1pPp1/1n2R3/8/1P2Q2P/Pq1p2P1/1B3R1K w - - 0 1,white,3,not available
7r/3Q2r1/p7/1Nk5/8/1P6/6q1/R3K3 w - - 0 1,white,3,not available
kr2r3/pRp3pp/Q1P5/5R2/P2q4/3pp3/6P1/6NK w - - 0 1,white,3,not available
2brrq2/pk6/2np4/3N4/R1PQ4/8/KP6/8 w - - 0 1,white,3,not available
R2r2r1/p1kp3p/2n2p2/1R3P2/2P1p3/Q3B3/1Pq4P/4K3 w - - 0 1,white,3,not available
8/8/8/8/5Np1/6K1/8/5N1k w - - 0 1,white,3,not available
5k1r/ppq1nppp/2b5/1B6/1B6/8/P1P1QPPP/3R2K1 w - - 0 1,white,3,not available
k5r1/1pK5/nP5p/1P5P/R7/5p2/6r1/8 w - - 0 1,white,3,not available
r3k3/4bR2/pp2P1p1/2pp2qp/3Pp3/4P1P1/PP1B3P/5QK1 w - - 0 1,white,3,not available
8/4R3/1Nnk1p2/2r2P2/3pp1K1/8/8/8 w - - 0 1,white,3,not available
r1bq1rk1/pppnnp1p/3bpB2/8/3P4/3B4/PPP2PPP/R2QK1NR w - - 0 1,white,3,not available
1k1r3r/ppNb2pq/8/1p2Bp2/8/6P1/1P3PB1/2R3K1 w - - 0 1,white,3,not available
1b2n3/1rp5/2kPB3/2P1P3/P2P4/8/4Q3/Kn5q w - - 0 1,white,3,not available
1q6/5bNK/5p1R/1r2r1k1/6pp/8/8/5R2 w - - 0 1,white,3,not available
R1r1k1nr/3np1p1/4N3/5PP1/BpP5/pPq5/P7/1K4R1 w - - 0 1,white,3,not available
r1b2qrk/ppp2p1p/3p1PpQ/6B1/2B1PR2/2P4P/P1P3P1/R5K1 w - - 0 1,white,3,not available
4N2k/1p4p1/pq2p2p/3rP3/4Q1RN/P6P/1P4PK/8 w - - 0 1,white,3,not available
3rr1k1/1pp2p2/p1q2B2/3n2P1/3P4/P2Q1R2/1P4K1/6R1 w - - 0 1,white,3,not available
r2q1r2/4bpk1/p1n1p3/1pN3np/2pP4/4PpBb/PPQ4P/1B1RK1R1 w - - 0 1,white,3,not available
3N4/7p/6p1/4Bn1k/6R1/7K/6P1/2r1q3 w - - 0 1,white,3,not available
r3b3/pNR5/k7/3p1n2/P2p1B2/2P5/2P2PrP/1R1K4 w - - 0 1,white,3,not available
r1kr4/pp3Ppp/2nPp3/4B3/2QP4/1N6/PqP3P1/R3KB2 w - - 0 1,white,3,not available
r1bq2kr/ppp2p1p/2nb3B/7Q/2pp4/2P5/PP3PPP/RN2R1K1 w - - 0 1,white,3,not available
8/5Q1p/3N1npk/8/R4P2/P6P/6PK/4qr2 w - - 0 1,white,3,not available
r6k/ppbn2pp/2prBp2/2q1p3/3pP3/2PP1PR1/P2QKP1P/6R1 w - - 0 1,white,3,not available
rnb2k2/pppp1p1p/5p2/8/2BN4/8/P2K1P1q/4R1R1 w - - 0 1,white,3,not available
3q2bk/6p1/3B2K1/8/5Q1p/8/8/8 w - - 0 1,white,3,not available
r1kb2n1/pp4p1/2nPp2r/4N3/2Q5/8/PPPP1qP1/R1BK1B2 w - - 0 1,white,3,not available
rn3rk1/p4pbp/qp3Bp1/3NP3/2pp4/5b2/PPPQ1PPP/R2R2K1 w - - 0 1,white,3,not available
r2q1r1k/1b4n1/p3p1nN/1p1p4/2p5/1P1BP2R/PBPP2PP/5RK1 w - - 0 1,white,3,not available
Rnk4r/1q4p1/1PbQP2p/3p4/3p4/8/3p2PP/6K1 w - - 0 1,white,3,not available
r1b3kr/pppp1qbp/6p1/3Q2B1/8/8/PPP3PP/RN2R1K1 w - - 0 1,white,3,not available
2r3kr/ppp2p1p/2n4B/b4q1N/2p5/2Pp4/PP2RPPP/R2Q2K1 w - - 0 1,white,3,not available
k7/pb6/1p1Q4/N4q2/5pr1/8/6PP/3R3K w - - 0 1,white,3,not available
k2r4/pnR5/N7/4Q3/8/1q6/8/K7 w - - 0 1,white,3,not available
1rkb4/3pPB2/K1p5/8/8/8/2R5/8 w - - 0 1,white,3,not available
5B2/p7/qpB5/1p1p1n2/b1k1r3/RN1np3/PPNR3K/8 w - - 0 1,white,3,not available
8/1p1r3q/b1n1NK2/2bk4/4p3/N7/3PQ3/5B2 w - - 0 1,white,3,not available
1n2kb1r/p2r1ppp/4q3/1B2p1B1/4P3/1Q6/PPP2PPP/2KR4 w k - 0 1,white,3,not available
2R5/b7/8/7Q/N7/1k1q4/p1N2r2/7K w - - 0 1,white,3,not available
1n6/3b4/7r/r1k5/B4Q2/1Pp1N2q/8/K1B5 w - - 0 1,white,3,not available
1R6/8/p7/1b1N4/k1r5/5Q2/K7/2q5 w - - 0 1,white,3,not available
br6/8/k7/4p3/N1P1Q3/7q/7P/1R5K w - - 0 1,white,3,not available
2k1N3/3pK3/P2P4/1q6/1r2Q3/8/8/8 w - - 0 1,white,3,not available
k6r/rb3R1p/NQ4p1/2p2n2/1p6/8/PPn3PP/6K1 w - - 0 1,white,3,not available
2b3r1/R4p2/2p1kBpp/2qpPn2/Qp4P1/5N2/5P1P/6K1 w - - 0 1,white,3,not available
5r1k/4N1pp/5p2/4N3/3R2K1/4b3/8/8 w - - 0 1,white,3,not available
2r4k/5rp1/pb3p1p/npqP1P2/2p1B1RQ/7R/PB4PP/7K w - - 0 1,white,3,not available
rn1q2rk/pp3p1p/2p4Q/3p4/7P/2NP2R1/PPP3P1/4RK2 w - - 0 1,white,3,not available
1rq2b2/p4Q2/2p1p1pk/1p4N1/3P4/2P3P1/PP5P/6K1 w - - 0 1,white,3,not available
5r1r/ppn2p1k/2pRn3/5NR1/6pP/8/PP6/2K5 w - - 0 1,white,3,not available
1kN5/pn1KNp1q/1pQ5/5n2/8/8/8/8 w - - 0 1,white,3,not available
8/1bp1b3/2k1K3/Pp4R1/3P4/2n5/2B1p3/2r5 w - - 0 1,white,3,not available
r1rbb3/1R3pkp/2pBp1p1/4P3/qp5P/6P1/P2Q1P2/5BK1 w - - 0 1,white,3,not available
1r1q2k1/5p1p/2p5/p2n1N2/3p4/1P1P3P/P2Q2P1/4R2K w - - 0 1,white,3,not available
3Q4/5pp1/r5qk/4P1N1/6P1/4K3/8/8 w - - 0 1,white,3,not available
k1r5/p2R4/N1P3pp/5p2/8/KP2p3/2P2r2/8 w - - 0 1,white,3,not available
r1bq4/pppn1R2/3p1n2/4P1kp/3P2p1/3Q4/PPP3P1/RN4K1 w - - 0 1,white,3,not available
r3kBn1/3p1NpP/2P2p2/b2PN3/8/1q6/8/K7 w q - 0 1,white,3,not available
r3Bb1r/pQ6/2p2p1p/k3q3/4P3/2N1B3/PP4PP/6K1 w - - 0 1,white,3,not available
8/1R6/K7/3N4/k7/n7/1P6/2n1b3 w - - 0 1,white,3,not available
k1r5/pr6/1b6/1N2Qn2/4B1p1/5pBq/5P2/R5K1 w - - 0 1,white,3,not available
2r2q1k/pp2b3/2b1Q2p/3NP3/3pB2P/8/PP6/2R3RK w - - 0 1,white,3,not available
2k5/1R1b4/PK6/2BN4/4n3/2p5/1b6/5r2 w - - 0 1,white,3,not available
5r2/ppR2Nbk/1n3qp1/1b5p/8/1B6/P2Q1PPP/3R3K w - - 0 1,white,3,not available
r3n3/4R1rk/p1b2pN1/qp3Qpp/8/1B6/PPP2PPP/R5K1 w - - 0 1,white,3,not available
3N2k1/3r3p/3n2bp/1q2Q3/3p4/8/6PK/5R2 w - - 0 1,white,3,not available
1r6/4R1pk/2p1p2p/p2pP2N/3P3Q/1rP2P1P/4q1P1/7K w - - 0 1,white,3,not available
3krn2/p1p1p3/3n4/2N2b1q/Q7/6p1/4P1P1/1R4K1 w - - 0 1,white,3,not available
8/kbK5/6BR/1Pp5/2P2pP1/8/8/3N2q1 w - - 0 1,white,3,not available
2r2b2/5Rpk/5pR1/5P2/6N1/8/3r3P/6K1 w - - 0 1,white,3,not available
5r1r/q4kpN/5p2/8/2Pp1PP1/1B6/4R3/6K1 w - - 0 1,white,3,not available
3r1k1r/ppR2ppp/3n4/6q1/2B2p2/3Q4/PPP3PP/4R1K1 w - - 0 1,white,3,not available
2r2rk1/ppq2pp1/2n1p3/8/2PPN3/6P1/P3QPK1/R1R5 w - - 0 1,white,3,not available
2B1N1K1/1n6/5pkp/6pr/6P1/8/8/5r2 w - - 0 1,white,3,not available
4rr2/pb3pkp/1qp5/3p1Q2/3n4/2N4P/PPP2PP1/2B1R1K1 w - - 0 1,white,3,not available
3r2k1/p4rP1/1b1q1P2/n1p1p3/1p6/3B1NR1/P4P1P/6RK w - - 0 1,white,3,not available
rn1qr3/pb5p/1p3b1R/5Pp1/2pp2k1/3B4/PP1B2PP/5RK1 w - - 0 1,white,3,not available
2bnrrk1/pp4pp/2q1pn2/3p2N1/3P1N2/8/PPQ2PPP/1B1RR1K1 w - - 0 1,white,3,not available
4K1kr/3pn2p/5b1P/3n4/6BQ/8/8/8 w - - 0 1,white,3,not available
rn3r1k/pppq1p1p/8/4p3/2B5/1P6/PBP2P1P/R5RK w - - 0 1,white,3,not available
1rb5/3kpB2/1n1bN2Q/8/5N2/q7/8/1K6 w - - 0 1,white,3,not available
3r1k2/pb1q1ppQ/1p2pb1p/8/3N4/P3B3/1P3PPP/1Br1R1K1 w - - 0 1,white,3,not available
8/8/8/2N5/8/2k1N3/Q3r2q/K7 w - - 0 1,white,3,not available
4r2k/p2qr1pp/1p3b2/2p5/3nNPR1/1P1P3Q/PB5P/6RK w - - 0 1,white,3,not available
kr3q2/ppp5/Q6p/2P5/B7/5n2/5P2/1R5K w - - 0 1,white,3,not available
r2q1r1k/pp1bn1pp/1bpn1p2/4pP1Q/6P1/1BP2R1N/PPN4P/R1B4K w - - 0 1,white,3,not available
r3nr1k/1bp1b1pp/4Pp2/p1pq1N1Q/N2p1B2/6R1/PPP2PPP/R5K1 w - - 0 1,white,3,not available
2b1kb1r/1r1n1ppp/p1N1q3/4Q3/1p2N3/8/PPP1B1PP/1K1R3R w k - 0 1,white,3,not available
2kr4/1b1n1R2/2nBp3/2NpP2r/6pp/3B4/1PP3PP/R5K1 w - - 0 1,white,3,not available
2R3rk/3N4/7K/3N4/8/8/r4p2/8 w - - 0 1,white,3,not available
r1b2rk1/p4pb1/2p1pBpp/4P3/3pp1P1/3P3R/q1P2PKP/1RQ5 w - - 0 1,white,3,not available
r1bqrk2/p2n1ppQ/1pn1p3/2ppP1P1/3P1N2/2P5/PP3PP1/R1B1K2R w KQ - 0 1,white,3,not available
4RB1n/8/q1p5/8/k1PP2n1/2K5/1P6/8 w - - 0 1,white,3,not available
r3r1k1/pp1b1pb1/1n3qN1/6R1/2p1Bp2/B1P3P1/P1QPP3/4K2R w K - 0 1,white,3,not available
r2qr1k1/ppp1bpp1/2n1Q3/7R/3B4/1P6/P1P2PPP/R6K w - - 0 1,white,3,not available
r4rk1/q4pp1/p3p2R/1b1nP3/n7/1N1B2Q1/1PP3PP/2KR4 w - - 0 1,white,3,not available
r4r1k/p5Rp/1p3pb1/2P4N/2B5/P7/6PP/B2n2K1 w - - 0 1,white,3,not available
8/6R1/4Np1n/3p3k/2p2R2/1r2n2P/3r2P1/6K1 w - - 0 1,white,3,not available
2Bnk3/6K1/1N6/3Nn3/1p6/8/8/8 w - - 0 1,white,3,not available
r6r/4n1N1/p2b1p2/1pp1k1p1/2p1P2p/2P1BP1P/PP3PK1/3R2R1 w - - 0 1,white,3,not available
r4k1r/p3Rppp/n1p5/1q1N4/2Q5/8/PPP3PP/4R2K w - - 0 1,white,3,not available
6k1/1p1q2p1/rnn3p1/p2pP3/3P2R1/7Q/PP5P/5R1K w - - 0 1,white,3,not available
1nr3k1/p2qpp1p/1p1p2pQ/3NP3/n7/5P2/P5PP/2rR1B1K w - - 0 1,white,3,not available
7r/2R5/5Npk/8/3B2P1/5pK1/3q3P/8 w - - 0 1,white,3,not available
4R3/p3ppk1/nrp1bqp1/8/8/5Q2/PP1r4/KB5R w - - 0 1,white,3,not available
4r3/3R3p/6pk/p7/4nN2/4q1PP/Q6K/8 w - - 0 1,white,3,not available
8/Q3BR1p/2p3pk/2Pp4/3rn3/7P/P5PK/2q1r3 w - - 0 1,white,3,not available
2rr1k2/R5bR/1p2p1B1/1Np4n/5N2/4Ppn1/3q2P1/6K1 w - - 0 1,white,3,not available
6R1/5p1p/6p1/6Pk/2p2P2/2q3PK/8/8 w - - 0 1,white,3,not available
2rr2k1/6p1/p5p1/1p1N1p2/3p4/3P4/KPPP4/4R2R w - - 0 1,white,3,not available
k3b3/pp1nn3/N3B3/KQ6/2Rbr3/8/8/8 w - - 0 1,white,3,not available
k1r3r1/1R6/Pb1Q4/1N6/4b3/1q6/8/K7 w - - 0 1,white,3,not available
Qnkr3r/1p3p2/1Pp3p1/2P4p/R7/1Nq3PP/P4PK1/8 w - - 0 1,white,3,not available
4R3/ppQ2p2/knp5/3N4/1P1P4/P5rN/2P4q/5K2 w - - 0 1,white,3,not available
8/3r4/p1n1p3/kbQn4/3B4/K7/8/8 w - - 0 1,white,3,not available
8/1pkp1p2/2p1rB2/R5K1/3Q4/6P1/2r4q/8 w - - 0 1,white,3,not available
1Q1r2kr/p1p1b2p/2p3qB/8/8/8/PP4PP/5RK1 w - - 0 1,white,3,not available
5R2/q5pk/2Q4p/1B1p3P/3bb2K/8/8/8 w - - 0 1,white,3,not available
6k1/5p2/p5np/4B3/3P4/1PP1q3/P3r1QP/6RK w - - 0 1,white,3,not available
2r4k/1b1nqr1p/p3B2Q/1p2P1R1/3p1P2/1P2p2P/P1P4K/6R1 w - - 0 1,white,3,not available
1B6/8/8/7p/6pp/7k/5KN1/8 w - - 0 1,white,3,not available
r2k1q1r/p2n1p2/B3p1pp/2QpP3/3N4/8/P4PPP/2R3K1 w - - 0 1,white,3,not available
q7/k7/P3n3/1P2B3/K2pQ3/8/8/8 w - - 0 1,white,3,not available
r2q1r1k/pbp1N1pp/1p1b4/5p2/2B5/P3PPn1/1P3P1P/2RQK2R w K - 0 1,white,3,not available
k2B4/2Q4p/p1p3r1/8/1P6/7P/1q4P1/7K w - - 0 1,white,3,not available
4Rnk1/1q3pp1/p1rp1Q2/1p5p/6B1/PP5P/3B1PP1/6K1 w - - 0 1,white,3,not available
4Qrk1/pp3ppp/2n5/3N3q/8/8/PP4PP/3R3K w - - 0 1,white,3,not available
r1bqk2r/pp3ppp/5n2/8/3nNB2/8/PP1b2PP/1K2RBNR w kq - 0 1,white,3,not available
8/8/8/3B4/4b2p/3N1p1p/5K1p/7k w - - 0 1,white,3,not available
r7/8/8/8/8/5b1r/5K2/1R3N1k w - - 0 1,white,3,not available
3B4/1r2p3/r1pp1p2/bk2P1p1/1p1P1PPp/p1P4P/PP1K4/3B2n1 w - - 0 1,white,3,not available
r1b2rk1/ppq2p1p/2nR4/3p2Pp/1Pp5/P3P3/1BQ2PP1/5BK1 w - - 0 1,white,3,not available
1r6/8/1p2Bp2/1k6/1p1K4/8/4b2q/2RQ4 w - - 0 1,white,3,not available
1q3r1k/5p1p/3p1Pp1/8/1P6/R7/K7/2Q5 w - - 0 1,white,3,not available
5k2/pp3pb1/3p1N2/2pP1r2/2P4Q/2B5/PP2q2P/6RK w - - 0 1,white,3,not available
rk1q2r1/pppP1p1p/3b2p1/3QN3/8/8/PPP2PPP/R1B3K1 w - - 0 1,white,3,not available
1r6/p5pp/5k2/4R1N1/Pr3n2/1P3P2/6PP/3R2K1 w - - 0 1,white,3,not available
2K5/4p3/1p2k3/1p1R1p2/1P1PP3/1B6/1q6/8 w - - 0 1,white,3,not available
2rrk3/QR3pp1/2n1b2p/1BB1q3/3P4/8/P4PPP/6K1 w - - 0 1,white,3,not available
rk5r/2p3pp/p1p5/4N3/4P3/2q4P/P4PP1/R2Q2K1 w - - 0 1,white,3,not available
6rk/ppb2Q2/2b2p1p/2P5/3pR3/6Pq/P1B2P1P/6K1 w - - 0 1,white,3,not available
1r4rk/5ppp/q2b4/5P1Q/7N/5R2/6P1/7K w - - 0 1,white,3,not available
r4rk1/1p3pp1/p2q2P1/4p3/8/1B6/PPP2PP1/2K1Q2R w - - 0 1,white,3,not available
1r1rb1k1/2p3p1/p2q1pN1/3PpP2/Pp1bP3/1B5R/1P4PP/2B4K w - - 0 1,white,3,not available
r3nk2/1p1r2b1/1p4P1/3npNN1/8/3P4/PP4K1/R1B4R w - - 0 1,white,3,not available
3r2k1/6b1/6P1/3pq3/8/7R/5P2/6KQ w - - 0 1,white,3,not available
r1b2rk1/2q1bppp/p2ppB2/6PQ/4P3/1Pp5/1PP2P1P/1K1R2R1 w - - 0 1,white,3,not available
r1b3k1/ppqrRpp1/5n1p/6N1/1Q6/3B4/P1P5/KR6 w - - 0 1,white,3,not available
3B4/7R/p1k1b3/1p3n2/8/8/3Q2qr/K7 w - - 0 1,white,3,not available
3K4/5pr1/2bkp3/3n1p2/3N1P2/2BN4/8/8 w - - 0 1,white,3,not available
r4qk1/1p5p/5QpP/8/1n6/8/r3R1P1/4R1NK w - - 0 1,white,3,not available
1n1r1kr1/1R4p1/p2p1pQ1/3P2n1/7N/4p3/4P2q/5K2 w - - 0 1,white,3,not available
r3r3/4kp2/q1p1pnp1/p3P1P1/PbpB4/1P5R/2P4P/3RN2K w - - 0 1,white,3,not available
5rk1/n1p1R1bp/pr1p4/1qpP1QB1/7P/6PB/PPP2P2/6K1 w - - 0 1,white,3,not available
5R2/7p/6bk/rn1pR3/2N3P1/P7/8/6K1 w - - 0 1,white,3,not available
r1b2r2/pppp1p2/6kp/6NN/4P3/8/PPP1B1PP/R4RK1 w - - 0 1,white,3,not available
rnb1qk1r/ppp1n1p1/3P1b1p/7Q/2BP4/8/PPP4p/RNB2R1K w - - 0 1,white,3,not available
r2r1k2/p2nqp2/2b1p2P/4B3/2p5/3B4/PPP2P1P/2KR2R1 w - - 0 1,white,3,not available
2R5/1b1p1rk1/3P1p1p/2p5/6N1/6R1/4rP1P/6K1 w - - 0 1,white,3,not available
2r1b3/1pp1qrk1/p1n1P1p1/7R/2B1p3/4Q1P1/PP3PP1/3R2K1 w - - 0 1,white,3,not available
r2k1b1r/1ppb2pp/p2N1p2/5q2/8/1P6/PBP3P1/3RR1K1 w - - 0 1,white,3,not available
rnbq1knr/ppb4p/3NpPp1/3p4/1P1p1Q2/8/P1PB1PPP/R3KBNR w KQ - 0 1,white,3,not available
rn6/3p4/1Bk5/4Q3/2N5/n7/3b4/K7 w - - 0 1,white,3,not available
r4r1k/pb2b1p1/1pp1p1Qp/3nN3/4Np1q/3B4/PPP3PP/1K1R3R w - - 0 1,white,3,not available
rn4nr/pppq2bk/7p/5b1P/4NBQ1/3B4/PPP3P1/R3K2R w KQ - 0 1,white,3,not available
r4rk1/5ppp/6N1/8/8/1Bb5/2P5/1KR4R w - - 0 1,white,3,not available
8/6R1/1pnkp3/8/1P1Pq3/KPQ5/8/8 w - - 0 1,white,3,not available
3rk3/1p6/2b1Pn1p/2B3r1/1n3p1p/q1p2B1P/P1P1Q3/1KNR2R1 w - - 0 1,white,3,not available
r1bqrb1k/pp1n1Qpp/5p2/1p3N2/3P4/2PB4/P4PPP/R4RK1 w - - 0 1,white,3,not available
8/p7/K7/p3p2p/NkN1p2P/8/PP4P1/8 w - - 0 1,white,3,not available
5k2/2r2p2/5P2/4N3/8/1qp5/1P2R3/1K4R1 w - - 0 1,white,3,not available
r1bq4/n1p2QB1/p2n2N1/7k/1pP2P2/1P4P1/P7/2K2B2 w - - 0 1,white,3,not available
8/r1N4p/1pR5/5k1K/3Pp3/4P1pp/4r3/1q6 w - - 0 1,white,3,not available
r5kr/pppN1pp1/1bn1R3/1q1N2Bp/3p2Q1/8/PPP2PPP/R5K1 w - - 0 1,white,3,not available
8/kpP5/p7/Bb1q4/8/K7/1P6/2R5 w - - 0 1,white,3,not available
4k1N1/R1n2p2/4N3/3n4/2B5/8/r2q4/1K6 w - - 0 1,white,3,not available
kr6/p1R5/B1P5/1p1N3r/8/5bP1/4pP2/6K1 w - - 0 1,white,3,not available
r3kbr1/1p2qp1p/pn2b3/5p1N/8/1BP2pP1/PP1Q1P1P/3RR1K1 w - - 0 1,white,3,not available
r1bq2kr/ppp1b1pp/5n2/3Nn1N1/2Q1P3/8/PPP2PPP/R1B1K2R w - - 0 1,white,3,not available
8/8/4N3/kn1N2q1/1R6/8/1P3r2/7K w - - 0 1,white,3,not available
1r1rk3/pR1n1ppp/4p1q1/4p3/Q7/B1P5/P3BPPP/6K1 w - - 0 1,white,3,not available
r1b1rk2/3n2bQ/2q2pp1/p2N2P1/2Bp4/4P3/PP3PP1/2KR3R w - - 0 1,white,3,not available
r4r1k/p4p1p/1pp2P2/q1p1pN1p/2P5/P1P2P2/8/6RK w - - 0 1,white,3,not available
R7/8/1p6/1krQ4/8/1P6/1KPn1p1q/8 w - - 0 1,white,3,not available
rrb4k/p1qp1B1p/2p2Pn1/1p2Pp2/5P2/2P3Q1/P5PP/R4R1K w - - 0 1,white,3,not available
r2k1b1r/pp3p1p/4p3/1BBp2pq/6n1/6P1/PP3P1P/2RQR1K1 w - - 0 1,white,3,not available
5N2/3bBpkp/6p1/8/5Q1K/2n5/q5PP/8 w - - 0 1,white,3,not available
r1b1qr2/pp5p/2ppNpnp/2b5/4P2k/8/PPp1B1PP/R1B2R1K w - - 0 1,white,3,not available
r1bq1r2/ppp2pk1/2nbpN1p/5nBQ/3P4/8/PPP2PPP/R3KB1R w - - 0 1,white,3,not available
2rqrn1Q/1p3k2/3p1pp1/3P2B1/2P5/1P5R/6PP/7K w - - 0 1,white,3,not available
r1b4k/ppp1pPb1/2n2n1p/4q3/2B5/8/PPPQN1P1/R3K2R w - - 0 1,white,3,not available
r3r2k/pp5p/3p4/q1pR2B1/2P1Q3/2b5/P5R1/2K5 w - - 0 1,white,3,not available
r1bq1r1k/ppp1N1p1/7p/2bp1pN1/2Bn1B1Q/8/PP3PP1/R3R1K1 w - - 0 1,white,3,not available
r1bqkr2/p1ppbpQ1/1p6/3pNp1p/4N3/8/PPP2PPP/1K2R3 w - - 0 1,white,3,not available
r2q1nk1/p4ppp/2p1p3/7b/4P3/2Q2PB1/PPP4P/1K4R1 w - - 0 1,white,3,not available
4rnk1/r1qb1ppp/4pb2/2p1N2Q/2P1B3/1P6/1B4PP/5RK1 w - - 0 1,white,3,not available
2brrq2/pk4pp/2n5/3N1p2/2PQ1P2/R7/PP1n2PP/6K1 w - - 0 1,white,3,not available
2r1rn2/1b2b2B/pq2p2k/1pp1B1pP/3P2P1/4P3/PPQ2P2/1K1R3R w - - 0 1,white,3,not available
3r1q2/1R6/p1Bp4/kppP4/8/PP2N1P1/5P2/6K1 w - - 0 1,white,3,not available
rn3n1k/pp2pQbp/3p4/q3P1N1/5PB1/2p5/PPP3P1/R3K2R w KQ - 0 1,white,3,not available
r1b4k/pp1n2p1/1qp1B1Pp/2p2p2/3P4/2Q1P3/PP1K1PP1/R6R w - - 0 1,white,3,not available
r2q1r2/pppkbbNp/2n2n2/4p3/2Q1P3/PBN1B3/1PP2PPP/R3K2R w KQ - 0 1,white,3,not available
r4rk1/ppq2p1p/1b2nPpQ/3p4/6N1/8/PB3PPP/R4RK1 w - - 0 1,white,3,not available
r4rk1/6p1/3Ppp2/pp1qN1QP/2pPR3/8/PPP2P2/1K5R w - - 0 1,white,3,not available
r3nrkq/pp3p1p/2p3nQ/5NN1/8/3BP3/PPP3PP/2KR4 w - - 0 1,white,3,not available
3rkb1r/p1Rnpppp/8/3p4/Q2B4/3B3P/P1Pq1PP1/5RK1 w k - 0 1,white,3,not available
r1bqrkn1/4bpp1/1p2p1B1/3pB1P1/3P4/2P5/P1Q2PP1/R3K2R w KQ - 0 1,white,3,not available
r2qkbnr/pppb2pp/5pn1/3Pp3/4Q3/2PBBN2/PP4PP/RN2K2R w KQkq - 0 1,white,3,not available
r5kr/pp4pp/1bp1bp2/3p4/1P6/2QP2R1/qBP2PPP/6K1 w - - 0 1,white,3,not available
5B2/p7/qpB5/1p2nn2/b1kpr3/RN2p3/PPNRP2K/8 w - - 0 1,white,3,not available
N3k3/p3PN1p/r3PKp1/1p6/8/5B2/2r5/8 w - - 0 1,white,3,not available
K6k/1p4R1/p3N2P/b2p2p1/B1p5/2p5/1r6/8 w - - 0 1,white,3,not available
3n2b1/8/8/2npp3/2p3N1/K5pB/6R1/7k w - - 0 1,white,3,not available
5bB1/2pp2p1/3p4/KNkP1p2/2P2B2/1P1p3b/1p6/5n2 w - - 0 1,white,3,not available
r7/1p1k1p1p/nQ3PnK/4R3/2qN4/1N1p2Bb/4B3/7r w - - 0 1,white,3,not available
7b/3RKbn1/7q/p2pkp2/4pNp1/4PP2/r7/8 w - - 0 1,white,3,not available
8/1b4B1/N7/3kNn2/p1R4b/nB3K2/3q4/8 w - - 0 1,white,3,not available
8/3n2Kn/8/4R1Nk/7r/6R1/4r2b/8 w - - 0 1,white,3,not available
8/7n/8/rp6/1p2B1p1/2p3K1/2r5/3q1kNR w - - 0 1,white,3,not available
1n1b4/2p4K/7p/3Np1pk/6n1/4p1P1/p1pPBp1r/q4r2 w - - 0 1,white,3,not available
1b2KN1q/r1rp3p/1p1p2p1/pP1pk1P1/2QR2P1/B3P3/1P1Nn1b1/8 w - - 0 1,white,3,not available
Br1B1q2/4N2K/r3pP2/3p2p1/p2k4/NpR1RP2/6Pp/7n w - - 0 1,white,3,not available
B2B1q2/4N2K/r3pP2/3p2p1/pr1k4/NpR1RP2/6Pp/7n w - - 0 1,white,3,not available
B7/1n4Q1/q7/PpknR1p1/1pp5/1r1p4/r1pp3B/6K1 w - - 0 1,white,3,not available
6K1/3B4/3B2k1/3p2p1/4p3/n7/r3p3/7R w - - 0 1,white,3,not available
6q1/1p3p2/2n5/1Q1p1NPK/4kP2/1B2np1b/1p3B2/7r w - - 0 1,white,3,not available
1QB3n1/BK6/7r/p2kbp1p/7P/5Rp1/2P2Pp1/2q5 w - - 0 1,white,3,not available
6r1/4r1pk/7p/7Q/5nN1/q7/6RP/7K w - - 0 1,white,3,not available
5n2/1BQn1qN1/5P2/3r4/r3kPP1/1NR2pP1/pK6/6bb w - - 0 1,white,3,not available
2b4q/2bN4/2Pprp2/4P3/KNk5/3R1P2/pp1P3p/B6r w - - 0 1,white,3,not available
5B2/p7/qpB5/1p1p1n2/b1k1rn2/RN3P2/PPNRp2K/8 w - - 0 1,white,3,not available
4rr2/q1ppn1R1/p3kp2/8/1pppN1P1/b5B1/8/3K3Q w - - 0 1,white,3,not available
5B2/p7/qpB5/3p1n2/bpk1rn2/RN2pP2/PPNR3K/8 w - - 0 1,white,3,not available
1kr5/1bb4r/8/3p4/2PP3q/4P3/1R4B1/R4QK1 w - - 0 1,white,3,not available
r5k1/p3Qpbp/2p3p1/1p6/q3bN2/6PP/PP3P2/K2RR3 b - - 0 1,black,3,not available
6k1/Q4pp1/2pq2rp/3p2n1/4r3/2PN4/P4PPP/2R2R1K b - - 0 1,black,3,not available
8/4B2p/7n/4pqpk/P2n1b2/R3P2P/2r3P1/1Q3R1K b - - 0 1,black,3,not available
2kr3r/1bbp1p2/p3pp2/1p4q1/4P3/PNN1PBP1/1PP3KP/1R1Q1R2 b - - 0 1,black,3,not available
5rk1/p4ppp/2b2q1P/7B/4p1Q1/5PR1/PPPb2R1/1K6 b - - 0 1,black,3,not available
8/2Q2pk1/7p/p7/P5KP/6P1/4p1N1/2R2qb1 b - - 0 1,black,3,not available
8/pp5p/8/b7/P1K1k2P/3n4/1r6/1R5R b - - 0 1,black,3,not available
r2r2k1/2Q4p/4q1pB/R1P1Np2/5P2/6PP/P6K/8 b - - 0 1,black,3,not available
r3k2r/ppp2N2/3p1n2/4p3/2B1P1b1/3P3P/PPP1nbP1/RN5K b kq - 0 1,black,3,not available
4r2k/pp3p2/2b3r1/7N/4n2p/2Pp1B1P/PP3P2/3RRK2 b - - 0 1,black,3,not available
8/1p1P2bk/p5pp/3Q1pq1/P3r3/5pB1/1P2r2P/R4R1K b - - 0 1,black,3,not available
2k2r2/1p5R/3p4/2pP1ppp/2P3r1/1P4BK/R4PPP/8 b - - 0 1,black,3,not available
2k5/1p4R1/3p1pb1/Q1pP1q1p/2P3r1/1P3NB1/R4PKP/4r3 b - - 0 1,black,3,not available
2br4/pp2kpb1/3p1q1r/2pP2RB/2P1PN1K/1P3P2/3Q4/1R6 b - - 0 1,black,3,not available
r5k1/pppq1p2/3b1B2/8/3Q4/5P2/P1P2P1r/4RRK1 b - - 0 1,black,3,not available
8/7Q/b2bpkr1/5p2/P3p3/2Pq4/1P3PPP/4R1KR b - - 0 1,black,3,not available
5rk1/p2b2pp/3q3r/2p2p1n/2Pp4/1P1B1P2/P1QN1RPP/4R1K1 b - - 0 1,black,3,not available
7k/pp2Q1pp/5r2/P2P4/3Pb1P1/4Ppq1/1P1R3N/2r2R1K b - - 0 1,black,3,not available
8/5Qpk/p6p/P1b5/4pPn1/2Pp3P/1P1BbqP1/R3R2K b - - 0 1,black,3,not available
5QN1/1p5p/1p1P2p1/2P1pp2/1P2NkP1/1P3n2/r2q2P1/6RK b - - 0 1,black,3,not available
r4n1k/pp3p1p/2p4r/3p4/3P1Npq/3BPbPP/PPQ2P1K/1R3R2 b - - 0 1,black,3,not available
r6k/pp3p1p/2p4r/3p2p1/3P1N1q/3BPbPP/PPQ2P2/1R3RK1 b - - 0 1,black,3,not available
2Q2bk1/1p1Nr3/p2p4/P2Pp3/4Pprq/8/1P4P1/2R2RK1 b - - 0 1,black,3,not available
2kr3r/pp2n3/2p5/5P2/8/Q2BRp2/PP3P2/5KRq b - - 0 1,black,3,not available
3r3k/6pp/p5b1/1ppq2P1/4n3/4Q3/PPB3PP/R1B3K1 b - - 0 1,black,3,not available
1k1r2r1/p1p5/P1Q5/B3p2b/4P3/5p2/1PPN1P2/3RKNq1 b - - 0 1,black,3,not available
1k2r3/p1p5/P1Q4R/1r2pP2/4Pq2/2PB1p2/2P4b/2RKN3 b - - 0 1,black,3,not available
1k1r4/p1p5/P1Q5/4p3/4P1p1/5p2/1PPN1P2/2BRKNqr b - - 0 1,black,3,not available
1k2r1nr/p1p2ppp/PpQ5/4b3/7q/3P1P2/1PPN2PP/4RKNR b - - 0 1,black,3,not available
2k1r2r/p1p1bpp1/PpQ5/8/3p4/5P2/1PPPN1P1/R1B1K1Nq b Q - 0 1,black,3,not available
7k/p1p1r2p/1p1pnr1q/5Pp1/2PP1p2/2PB1P1P/P2Q1PRK/6R1 b - - 0 1,black,3,not available
2b1R1R1/Q6p/3r4/4b1n1/P7/8/1P1nk1PP/6K1 b - - 0 1,black,3,not available
r5k1/r1p2p1p/4b2Q/4q2N/1p6/1p5R/1P4P1/1NKR4 b - - 0 1,black,3,not available
r4b2/2k2p2/3p4/2nP4/1R1N4/5r2/PKPQR2P/5q2 b - - 0 1,black,3,not available
r5k1/4bpPp/2b3PQ/4p3/2p1P2P/1qP2B2/1P6/rNKR3R b - - 0 1,black,3,not available
5rk1/B7/3p2p1/N2Pp3/1P2n3/6Pp/6bP/2R3K1 b - - 0 1,black,3,not available
8/1Q2bp2/pN4pk/P1pP4/5P2/6K1/4b2r/4r3 b - - 0 1,black,3,not available
r4r1k/ppq2ppp/2p2N2/2b1n1B1/4P3/P1N4b/BP1Q1PP1/R4RK1 b - - 0 1,black,3,not available
5k2/1q2pp1p/p5p1/1p6/P7/2brN1Pn/1PQ2P1P/2R2K2 b - - 0 1,black,3,not available
r3k3/pb3p1p/3bpp2/1P2n3/3N4/3B3P/1P2QPr1/R1B2R1K b q - 0 1,black,3,not available
1k1r2r1/ppp2p2/5p1q/8/2B1n3/PP1RP1n1/1B4PP/3RQ1K1 b - - 0 1,black,3,not available
rn4k1/pp3b2/5B1Q/8/1PP2pp1/2bB4/P2n1PqP/R2NK1NR b KQ - 0 1,black,3,not available
2r3k1/N2n1p1p/5Pp1/R2b4/Qp5q/1P6/6PP/5R1K b - - 0 1,black,3,not available
1r6/p4pk1/6p1/3Bp2p/4P3/2P1qPPb/P2R3P/3Q3K b - - 0 1,black,3,not available
r5k1/b4ppp/8/3Pp3/4n1bq/2P1B3/PP4PN/RNQ1RBK1 b - - 0 1,black,3,not available
2k4r/ppp3pp/7r/4n3/8/1BP5/PP2bPPP/RN2R1K1 b - - 0 1,black,3,not available
2k5/ppp3pp/3r4/8/5n2/NBP2P2/PP4PP/R2brRK1 b - - 0 1,black,3,not available
8/5k2/2R1b1pp/5p2/5Pn1/4qBKP/4R1P1/8 b - - 0 1,black,3,not available
r5k1/pbb2ppp/1p2r3/6q1/3Nn3/P2BP2P/1B2RPP1/4QR1K b - - 0 1,black,3,not available
2k4r/pp3pp1/2p2n2/5PBb/P3P3/2Nr3P/1PB2bP1/R3R2K b - - 0 1,black,3,not available
5kr1/5pq1/1p1p4/p1pPpP2/P1P1P1nr/5B1p/1P3P1R/3Q2NK b - - 0 1,black,3,not available
r1b2rk1/p5pp/1pp3q1/3p1p2/1B1PnPnR/3BPK2/PP2N1P1/R4NQ1 b - - 0 1,black,3,not available
5rk1/p2b2pp/3q3r/2p2p1n/2Pp4/1P1B1P2/P1QN1RPP/4R1K1 b - - 0 1,black,3,not available
N4rk1/pp3ppp/3Q1n2/3ppb2/3n4/P4P2/1Pr3PP/1K1R1BNR b - - 0 1,black,3,not available
6rk/pp4qp/3p3r/4p3/2PpP3/1P1Q1p1B/P4B1K/1R4R1 b - - 0 1,black,3,not available
2R2Q2/5p1k/2p2q1P/6p1/8/Pr6/1P1r1p2/KR6 b - - 0 1,black,3,not available
3r4/pp4pk/4p2p/4P3/1P1nP2q/2QB4/1P3rPP/4RR1K b - - 0 1,black,3,not available
7k/4B1n1/1p5b/p2QPq1p/2rP4/P1N2p2/1P3PP1/4K2R b K - 0 1,black,3,not available
6k1/p4p1p/p2p2p1/P1pP4/3b1P1P/2P1rb1q/RP3N1P/2R2QK1 b - - 0 1,black,3,not available
r4rk1/p3bppp/N1p2nq1/2Pp4/P2P4/R3PP1P/2b1BK1B/1N2QR2 b - - 0 1,black,3,not available
1r5k/5p1p/p4Np1/2pP2P1/2Pn4/4RP2/Pr4qP/2QKR3 b - - 0 1,black,3,not available
r4rk1/pp3p2/3P2pp/Q1P1qp2/N2b4/4nP2/PP2B2P/2R1R2K b - - 0 1,black,3,not available
6q1/2r1bk2/1p2p2Q/3pP2p/3P1P2/P4p2/1P3P1R/1Bn3RK b - - 0 1,black,3,not available
6rk/4p1b1/b2pP2p/3P3Q/3q4/2N5/PP5P/6RK b - - 0 1,black,3,not available
5k2/2q2prp/5p1B/3Q1R2/8/6PK/2r4P/8 b - - 0 1,black,3,not available
4k3/1b2qp1p/p3p3/1p2p3/1P5P/P7/1NP2PrP/R2Q1R1K b - - 0 1,black,3,not available
6k1/3b3p/2pp2p1/p1p5/2Pb2Pq/1P1PpK2/P1N3RP/1RQ5 b - - 0 1,black,3,not available
r4b1k/6p1/2R4p/3RP2P/2pP1p2/1p6/1P2PP2/r1BK4 b - - 0 1,black,3,not available
4rrk1/pp4pp/3p4/2pP4/2P1pn2/P1P1n1Pq/R2B1R1P/1QN3K1 b - - 0 1,black,3,not available
4r1k1/7p/p1p5/Pp1bP1P1/3P1Bq1/1P3rP1/2PQ3K/R4R2 b - - 0 1,black,3,not available
r7/1p3pk1/p2pb2r/2p1p1p1/2PbP1p1/1N1Q2P1/PP3PP1/1RR3K1 b - - 0 1,black,3,not available
4r1k1/5p2/5Pb1/q1p5/2P5/nR5Q/P2R4/2KNr3 b - - 0 1,black,3,not available
5Q2/1R4pk/p6p/2Np1b2/3q1R2/5PKP/6P1/7r b - - 0 1,black,3,not available
3r1k2/1QR3bp/6p1/1p3p2/4P3/7P/1r3qP1/3R1B1K b - - 0 1,black,3,not available
8/1p6/8/p1N1P3/P5k1/1P2Pnp1/6Kp/8 b - - 0 1,black,3,not available
k1b5/p7/2q5/8/3p1P2/4b3/4P1B1/4RK2 b - - 0 1,black,3,not available
2kr4/pp2r3/2b2Q2/6P1/4pqP1/P7/1PR1KP1N/7R b - - 0 1,black,3,not available
2r5/ppq3pk/1b4rp/7Q/3pp1P1/8/PB1N1P2/2R1KR2 b - - 0 1,black,3,not available
5rk1/p5qp/1p3p2/1b3Q2/3BnN1p/4P2P/PP3PPK/6R1 b - - 0 1,black,3,not available
1N6/3b3k/8/3pB3/3P1p1p/2r3qP/Q4PP1/5RRK b - - 0 1,black,3,not available
4RB1k/1pp2p1p/8/7n/Q5nP/P5p1/1P1q2P1/5RK1 b - - 0 1,black,3,not available
6r1/5p2/1b1k1p2/3p4/7P/5N1Q/P4q1P/4R2K b - - 0 1,black,3,not available
4r1k1/pp5p/3Q2p1/2q2p2/5BnP/1P2r3/P1PR2P1/R4K2 b - - 0 1,black,3,not available
r3r1k1/5ppp/p7/1p6/2b1PQ2/PPqp4/3R1PPP/4KR2 b - - 0 1,black,3,not available
4r3/pp2q1kp/6p1/2pQ1nN1/3b1Bn1/1B3P1P/PP6/R6K b - - 0 1,black,3,not available
4R3/6kp/1b4p1/3Q1nN1/3q1Bn1/1B3P2/6KP/r3R3 b - - 0 1,black,3,not available
1k5r/pp2Rppp/8/2p2q2/Q1B2n2/2N5/PP3PrP/R6K b - - 0 1,black,3,not available
1k5r/pp2Rppp/8/2p5/Q1B4K/2N2q2/PP5P/R7 b - - 0 1,black,3,not available
2b3k1/1ppP2p1/1r5p/4pp2/q1P1p2P/1p2P3/1P1RBPP1/rNKQ3R b - - 0 1,black,3,not available
r3k3/p1p2p2/1pn2q2/3Q4/8/3bP3/PP1P1Pr1/RNB1KR2 b Qq - 0 1,black,3,not available
6k1/pp3p1p/2p3p1/3p4/1P1P1q2/P4NnP/3Qn1BK/1RR5 b - - 0 1,black,3,not available
5rk1/pp5p/2pR2p1/4nr2/2q5/2B5/PPQ2PPP/5RK1 b - - 0 1,black,3,not available
1Q6/5pk1/4p1p1/8/4B2q/8/r2r2P1/2R1R1K1 b - - 0 1,black,3,not available
2k2r2/2p5/1pq5/p1p1n3/P1P4B/1P4Pp/2Q1R3/6K1 b - - 0 1,black,3,not available
4r1k1/3Q1ppp/4p3/3pBP2/P3n3/5N2/2r2qPP/6RK b - - 0 1,black,3,not available
7k/7p/Q1p3p1/2bp3n/8/P1N5/BPP2rPP/R5K1 b - - 0 1,black,3,not available
r2n1rk1/1ppb2pp/1p1p4/3Ppq1n/2B3P1/2P4P/PP1N1P1K/R2Q1RN1 b - - 0 1,black,3,not available
7r/R6p/1p3k1q/3Q2p1/3Pp1K1/4PpP1/4bP1P/5R2 b - - 0 1,black,3,not available
8/1p2Qpk1/p1p5/P2p4/1P1P1Pnp/6Pq/7P/6BK b - - 0 1,black,3,not available
7Q/2pbkppp/p7/8/7q/7P/PPPPnbP1/R1B2R1K b - - 0 1,black,3,not available
2kr3r/ppqn1pp1/2p1p1p1/2b5/8/5NNn/PPQ2PP1/R3BR1K b - - 0 1,black,3,not available
5b2/6pp/1p3k1q/3Q2p1/3Pp1K1/1B4PP/2R2P2/8 b - - 0 1,black,3,not available
6r1/4p1pk/5q1P/5PPK/6B1/8/2Q1N1n1/R7 b - - 0 1,black,3,not available
8/7p/1p2Bk1q/3Q2p1/3Pp1K1/5pP1/2R2P2/r7 b - - 0 1,black,3,not available
7r/7p/1p3kBq/5Pp1/2QPp1K1/5pP1/5P1P/5R2 b - - 0 1,black,3,not available
5b2/6p1/1p3k1q/2p3p1/2QPp1K1/1B3pP1/2R2P1P/r7 b - - 0 1,black,3,not available
8/pp3ppk/8/2qp1Pb1/3Nr3/P2KPR1P/1PQ5/8 b - - 0 1,black,3,not available
1r4k1/2R2ppp/4p1nq/3pP3/3NnP1P/3KBQP1/1r2N3/2R5 b - - 0 1,black,3,not available
5rk1/6rp/3p4/1p1Pp1qn/4P2n/1N1NbP1P/1PR4B/3RQB1K b - - 0 1,black,3,not available
2r3k1/4qpPp/p7/3p1pPQ/5P2/r1P4R/2P5/1K1R4 b - - 0 1,black,3,not available
2k5/1pp1R2p/1q6/1N1ppp2/Q3b3/1r1PNB2/1P1KP1r1/R1B5 b - - 0 1,black,3,not available
2brr3/kpp4p/p7/Q1P5/1N3n2/1RP5/PPP2B1P/1KN3q1 b - - 0 1,black,3,not available
5rk1/5pp1/1r4P1/2pq4/3pnPN1/8/PPP5/K2Q2RR b - - 0 1,black,3,not available
4r1k1/1p3p2/p1q2p1p/5Pr1/3b2PR/1P1P3Q/1P1B2RP/7K b - - 0 1,black,3,not available
b6r/p5k1/5b2/2pq1p2/2Np1Pp1/P2P4/1BPQR2R/6K1 b - - 0 1,black,3,not available
r7/1p2kNQB/1qp4p/8/1p6/1p2Pb2/1P3P1P/1K6 b - - 0 1,black,3,not available
2Q2R2/p5pk/7p/1p2ppq1/5n2/P2r1P2/1P3P1P/5B1K b - - 0 1,black,3,not available
1r4k1/p4p1p/3p2P1/2nPP2P/2N4q/8/BrPR1Q2/K5R1 b - - 0 1,black,3,not available
r3r1k1/ppp2pp1/7p/b2P4/3n4/P1NB1P1b/1P3P1P/R2Q2KR b - - 0 1,black,3,not available
4b3/p2q2kp/2N2r2/3Pp3/4p3/1QB2nPP/P4PK1/5R2 b - - 0 1,black,3,not available
2nr2k1/p4R1p/b5p1/2PP4/2nB2P1/1B3P2/PPQ3KP/4q2N b - - 0 1,black,3,not available
b1r1r1k1/6pp/p2b1B2/1pq2pPQ/1n6/2N3P1/PPP2P2/R4BKR b - - 0 1,black,3,not available
3r3k/p1p3pp/1q6/1p6/3n1p1Q/PbP5/1P1R1PPP/R1K5 b - - 0 1,black,3,not available
1R6/R1Q2pk1/4r1p1/3p3p/8/3rq2P/6PK/8 b - - 0 1,black,3,not available
4k3/2q5/p2p4/b1pbp1p1/2P1PpPp/3K1P2/P1N1B2P/1Q6 b - - 0 1,black,3,not available
3rkb2/ppp1q2p/6N1/7Q/4n3/8/PPn1BPPP/RNB2K1R b - - 0 1,black,3,not available
2rr2k1/pp3ppp/5n2/3Pp3/P1qnP3/B2Q4/R4PPP/2N2K1R b - - 0 1,black,3,not available
2r1r1k1/p2n1p1p/5pp1/qQ1P1b2/N7/5N2/PP3RPP/3K1B1R b - - 0 1,black,3,not available
1k2rb2/2p2R1b/1p6/8/3N4/1P2q1N1/r1P3QP/1KR4B b - - 0 1,black,3,not available
8/3Qb1k1/p2p1pBp/P2P1P1P/2P5/1r6/4rnPK/6R1 b - - 0 1,black,3,not available
1r4k1/5p1p/4b1p1/p1P1b3/5Q2/5N2/P3r1PP/2KR1R2 b - - 0 1,black,3,not available
7k/4n1p1/p6p/1p2Pp2/2p2P2/2Br3P/PP2q1PK/2Q3R1 b - - 0 1,black,3,not available
2r1kb1r/pp4pp/1n3p2/4pb2/1n6/1BP2NB1/PP1N1PPP/2KR3R b k - 0 1,black,3,not available
4k3/1b3p2/p3p1p1/1p2P2r/5PQ1/P1N5/1Pr2qPP/4R1RK b - - 0 1,black,3,not available
7k/pp4pp/6r1/8/3Ppq1P/1PR1Nb1K/P7/2B1Q3 b - - 0 1,black,3,not available
6k1/5ppp/4p3/p3n3/PpP1Pq2/5bBP/4B2K/R3R1Q1 b - - 0 1,black,3,not available
3r4/pQp1q1pk/6np/2b5/4r1b1/5NB1/PPP2PPP/4RKN1 b - - 0 1,black,3,not available
5r1k/pppq2pp/2n3r1/4p3/4Q3/1BP1B2P/PP5K/R6R b - - 0 1,black,3,not available
R2N4/1K1P4/1P2P2Q/P2Bp3/p3n3/1p1b3R/kbr2q2/8 b - - 0 1,black,3,not available
r1b3k1/pp1n3p/2pbp3/3pN1P1/2PBnN2/1P1K1P2/P1Q1PqB1/R5R1 b - - 0 1,black,3,not available
6k1/2B2p2/p3rn2/2p5/2N5/P2r3P/1PR2PPK/8 b - - 0 1,black,3,not available
4r1k1/R4pp1/3p3p/2pP4/2P3n1/3Q1NPq/2P2P1P/6K1 b - - 0 1,black,3,not available
2kq2r1/p7/2p5/1pR5/1K1P1p2/1PP2R2/3r4/5Q2 b - - 0 1,black,3,not available
3r2k1/3r1ppp/1p6/8/2B2P1q/1P2Nn2/PQ2K1bP/2RR4 b - - 0 1,black,3,not available
2k4r/ppr2p2/4p2q/2n1P3/P1P3p1/Q5N1/4RPP1/3R2K1 b - - 0 1,black,3,not available
2Q5/2p2pkp/6r1/2p4q/3Pr3/2P2P2/P6R/2B2R1K b - - 0 1,black,3,not available
r3r1k1/p1b2pp1/b1pq3p/n7/B7/2P1BN2/P1QN1PPP/3RK2R b K - 0 1,black,3,not available
r1b1k1nr/pppp1ppp/2n5/2b5/2B1P2q/2N2Np1/PPPP3P/R1BQ1K1R b - - 0 1,black,3,not available
3r2k1/p3pp1p/6pQ/3b3N/6P1/5r1P/P1B1RP1K/q7 b - - 0 1,black,3,not available
1k1r4/ppp2ppp/8/1Q2P3/8/b1q4B/PRP4P/2K4R b - - 0 1,black,3,not available
8/7R/R3Bp2/4r1pP/p1P2k2/8/6PK/r7 b - - 0 1,black,3,not available
7k/pb5q/1p3p2/2p1p1p1/6P1/QP5R/P4PPK/1B1r4 b - - 0 1,black,3,not available
r2k1r2/1pp1n2p/p1np4/6b1/3PP2q/2PK3b/PPN1B2P/R1BQ3R b - - 0 1,black,3,not available
r3k2r/pp3ppp/2pb4/4n3/N1PNn2q/BQ2P3/P2P2PP/R2R1BK1 b - - 0 1,black,3,not available
4r1k1/p4p1p/6p1/8/3NnQBq/8/PB3pPP/3N1K2 b - - 0 1,black,3,not available
6k1/1r6/q1p1bp2/4pNp1/3pP3/bP3P2/2PB2P1/RK1R3Q b - - 0 1,black,3,not available
5r1k/4q3/p2p2p1/P2Pn1P1/4P2p/2R4B/1P5K/5r2 b - - 0 1,black,3,not available
1k6/p5pp/1p1q1p2/2p5/3P1nPP/Q1P2PK1/P3r3/6RR b - - 0 1,black,3,not available
6k1/p4ppp/Q7/K7/1PPnn2P/P7/R3P1P1/3q1B1R b - - 0 1,black,3,not available
1k1rr3/ppp2ppp/5n2/q1B1nQ2/3P4/8/PPB2PPP/R2K2NR b - - 0 1,black,3,not available
2r1rk2/1p4p1/3b1nB1/5Pp1/3Bp3/pQ2P2P/5KP1/2RR3q b - - 0 1,black,3,not available
2kr1b1r/pp3ppp/2p5/2n5/P1N2Bb1/2N1PnPP/1P2KP2/R4B1R b - - 0 1,black,3,not available
r6q/2p1k1p1/p5p1/1p2Nb2/1P6/P7/2PNQbPB/R6K b - - 0 1,black,3,not available
2r1r3/5pkp/8/6b1/1p1NQ3/3P1qPb/PPR2P1P/4R1K1 b - - 0 1,black,3,not available
7k/1p4p1/7p/3P1n2/4Q3/2P2P2/PP3qRP/7K b - - 0 1,black,3,not available
r7/3pkp1p/p7/1ppQp3/B3P2q/8/PPP2PK1/R4R2 b - - 0 1,black,3,not available
r7/pppk4/2p2r1b/8/1Q1PP1bq/BP4pP/P1P3K1/RN5R b - - 0 1,black,3,not available
r1b1kb1r/pppp1ppp/5q2/4n3/3KP3/2N3PN/PPP4P/R1BQ1B1R b kq - 0 1,black,3,not available
2k2r2/p1Bn2b1/8/1p1B4/7p/3R3q/PPP4P/3Q2KR b - - 0 1,black,3,not available
5r1k/pp1Q4/8/3Pb1pp/6p1/1B6/1Pq1N2P/4R1KR b - - 0 1,black,3,not available
2k3r1/1pp5/p1p5/4R2p/7n/2NP3P/PPP2r2/6RK b - - 0 1,black,3,not available
2k4r/ppp3p1/3p2q1/3P4/2P1p3/1P6/P3QbNB/R4R1K b - - 0 1,black,3,not available
5rk1/5r2/1NRR2p1/3PQ3/7p/3q3P/6P1/7K b - - 0 1,black,3,not available
rn1k3r/pp4Qp/2p1p3/4P3/Pbpqn3/2N5/1P4PP/R1B1KB1R b KQ - 0 1,black,3,not available
5nk1/Qpq2pp1/3p3p/1B1P4/2R5/2P2b2/P4PrP/4BK2 b - - 0 1,black,3,not available
4rrk1/pppb4/7p/3P2pq/3Q4/P5P1/1PP2nKP/R3RNN1 b - - 0 1,black,3,not available
r1b1k1B1/pp2q2p/3p2p1/2b5/7P/2Pn1Q2/PP1P4/RNB2K1R b q - 0 1,black,3,not available
r7/1p1b3q/3p1nk1/3Pp1p1/1P2Ppn1/R4P2/P1B3K1/2Q1N1B1 b - - 0 1,black,3,not available
Q4R2/1pp3rk/1P1p4/2P1p3/3PP1bq/2N1b2N/6P1/B4n1K b - - 0 1,black,3,not available
2k1r3/2pp1PR1/1p6/6B1/3n4/2p5/1qP2Q2/3K4 b - - 0 1,black,3,not available
r2r1k2/p3ppb1/2p1P2p/1p2nP1Q/4N3/1P6/PP3qP1/1KR2B1R b - - 0 1,black,3,not available
r3r1k1/5ppp/2pp1b2/p4N2/4P3/1K1n1Q1P/P1PRBPP1/7R b - - 0 1,black,3,not available
8/7R/2r5/8/P3n3/8/3nk1PP/R5K1 b - - 0 1,black,3,not available
7k/6b1/4p2p/3n4/6PP/1p1K1P2/1Pr5/1RR5 b - - 0 1,black,3,not available
2k1r3/Qpp4p/8/5b2/5pp1/2P3n1/PP3KP1/RNB5 b - - 0 1,black,3,not available
6k1/6pp/p2bN3/3p2n1/2r4q/P2QP2P/1B3PP1/5RK1 b - - 0 1,black,3,not available
4r1k1/pp4pp/2p5/3p3n/3P2n1/1PP2R2/P1B3P1/R1B1r1NK b - - 0 1,black,3,not available
2k5/ppp5/6p1/4Qb2/1P1K2p1/Pq6/7P/RNB4R b - - 0 1,black,3,not available
8/2n2p2/6k1/R5pp/8/5PKP/2r5/1B6 b - - 0 1,black,3,not available
8/1p5k/5pp1/7p/P3qP1K/2QN2PP/4P3/8 b - - 0 1,black,3,not available
r4r2/ppp1k1pp/1b1p4/4p3/1P1PPnbq/2PB4/PB3PPP/RN2QRK1 b - - 0 1,black,3,not available
7r/pr3pk1/7p/q1p1N1p1/1nQp2P1/P1n5/1P2PP1P/K1R2B1R b - - 0 1,black,3,not available
6k1/3R2pp/8/8/3n1p2/1P3Pr1/P1r3PK/4R3 b - - 0 1,black,3,not available
R4Q2/p2r2pk/1p4qp/8/2P5/1P5b/P4PPP/5BK1 b - - 0 1,black,3,not available
3r2k1/p4ppp/b7/2p1P3/4q2N/2RrP1P1/PP4RP/2Q1K3 b - - 0 1,black,3,not available
4rrk1/p6p/1p6/2p2pp1/Q1P1q3/2BRP2b/PP1R3P/6K1 b - - 0 1,black,3,not available
7k/7p/pN3R2/5p1q/4nP2/2r4P/Q5P1/6RK b - - 0 1,black,3,not available
2krr3/1bp2pp1/p2P3p/1p6/6Nq/1P1P3n/1PQ2PPP/R1B2R1K b - - 0 1,black,3,not available
7k/Rb4r1/8/1p1Q3p/1B1b3P/P4r2/1P4P1/3R3K b - - 0 1,black,3,not available
2k4r/1pp3p1/p7/5qp1/BPP1n3/P5B1/4nPPP/4QR1K b - - 0 1,black,3,not available
r1b2rk1/pp4pp/2p1pq2/2bpPp2/2P1n3/1P3PP1/PBQ1P1BP/RN3R1K b - - 0 1,black,3,not available
5k2/p4r2/Ppp3r1/8/7p/7K/1P1Qn2P/8 b - - 0 1,black,3,not available
1k1r4/1pp2p1q/p2b4/4n1p1/N5P1/1B2B3/PP3RP1/4RQK1 b - - 0 1,black,3,not available
N3r1k1/pp3ppp/8/2P2b2/1b1P1B2/1qnB1N2/1P4PP/nQK1R2R b - - 0 1,black,3,not available
1kr5/1p1r1pR1/p1bbpP1p/2q5/3pN2P/5B2/PPP3P1/2KRQ3 b - - 0 1,black,3,not available
rn4nN/ppp3kp/8/3B4/3bP2q/5ppR/PPPP2P1/RNB1QK2 b - - 0 1,black,3,not available
N1bk4/pp1p1Qpp/8/2b5/3n3q/8/PPP2RPP/RNB1rBK1 b - - 0 1,black,3,not available
8/2k5/1p1p1p2/p1pPp3/2P1Pn2/1KP1QP2/2BB1R2/r6q b - - 0 1,black,3,not available
4k3/1p3pp1/p1r1p3/P3Pn1p/3N1q2/1P5P/6K1/1Q1RB3 b - - 0 1,black,3,not available
r7/4kp2/3p1p2/2q1pP2/1p2B2p/7Q/r1P3PP/2KRR3 b - - 0 1,black,3,not available
r1q3k1/ppp3r1/3p4/3Pp2p/1PP1Pp2/P2NnnpP/1R2Q3/2N2BRK b - - 0 1,black,3,not available
2k4r/1p2Qpp1/pBb1p3/P7/3N1nP1/1q6/2r2N1P/R4RK1 b - - 0 1,black,3,not available
2r1r1k1/pb1n1p1p/1q1p2pb/1p1P3n/1P6/1QN2NPP/1B2PPB1/R3RK2 b - - 0 1,black,3,not available
rnbqk2r/ppp3pp/3p4/3Pp3/2P1Kp2/2N2N1P/PP2P1P1/R1BQ1B1R b kq - 0 1,black,3,not available
6k1/ppp4p/3pNq2/3P2p1/2P1p1n1/1P2PrP1/P6P/R1BQ2K1 b - - 0 1,black,3,not available
2rr2k1/p4p1p/bp2pn2/4q1p1/8/1Pb1BPPB/P2NPK1P/1Q1R3R b - - 0 1,black,3,not available
2br2k1/p4p2/1p3n2/2r5/3bpK1N/1P3PP1/P3P2P/1Q1R3R b - - 0 1,black,3,not available
4r3/Q1p2pk1/3p3p/6p1/5PK1/2Pq4/PP1B1RPP/6r1 b - - 0 1,black,3,not available
4r1k1/pB3ppp/2N3r1/8/2P2P2/1P6/P4R1P/5b1K b - - 0 1,black,3,not available
3r3k/p7/1p6/2p1b2p/4PN1P/2P2R2/PP2KR2/3r4 b - - 0 1,black,3,not available
4rb2/5p1k/p1P5/4B2p/4pPpK/P4qP1/1PR3QP/8 b - - 0 1,black,3,not available
2QQ4/5k2/4r3/1P6/5p1p/2R4P/6PK/4q3 b - - 0 1,black,3,not available
8/ppp2p1k/5Pp1/8/3Qn3/1PP1r1P1/P4q1P/2R2B1K b - - 0 1,black,3,not available
6k1/8/3Rp1p1/p5p1/4R1n1/4PKP1/PPQ3P1/7q b - - 0 1,black,3,not available
4k2r/8/p5p1/3pn2p/1b2r2P/1B3PQ1/1qP1N3/3K1R1R b k - 0 1,black,3,not available
3r3k/3r2pp/2p5/Q1Pq3P/1p3BP1/1P2P3/PR6/2K3R1 b - - 0 1,black,3,not available
r5k1/5p1p/1pn2PpQ/p2b4/1P1B4/P4q2/1KP4P/1RR5 b - - 0 1,black,3,not available
2kr4/pp2Q1pp/2b2n2/6n1/2P5/6Pq/P3PP1P/1R2NRK1 b - - 0 1,black,3,not available
4rk2/p5p1/6Q1/5nN1/8/4pP1N/PPr1q1PR/5RK1 b - - 0 1,black,3,not available
2rr2k1/R5pp/8/5nNQ/8/3qpP2/6PP/5RK1 b - - 0 1,black,3,not available
3r2k1/4Q1pp/8/1n4N1/2q1p3/4P3/5PPP/5RK1 b - - 0 1,black,3,not available
2b2rk1/1pq3pp/P6r/1P3p2/2N1p2n/4N3/Q4PPP/3R1R1K b - - 0 1,black,3,not available
2q2rk1/P5pp/5n2/2r5/2N5/4Pb1B/Q4P1K/3R2R1 b - - 0 1,black,3,not available
1q3rk1/1p5p/5n1r/3N1p2/6pn/PQ2N3/1P3PPP/3R1R1K b - - 0 1,black,3,not available
6k1/1p3ppp/7r/8/4q2n/P3N3/1PQ2PPP/5RK1 b - - 0 1,black,3,not available
3R1bk1/1p2Qp2/p1b3p1/7p/8/2P1B1KP/6p1/7q b - - 0 1,black,3,not available
2rr2k1/p2b1p1p/1p4pQ/1P6/K1P5/P2B1P2/1q4PP/1N1R3R b - - 0 1,black,3,not available
6rk/3p1p1p/1pb2p2/pP2p3/2P1Pn1q/P4P2/1Q4P1/3RRBK1 b - - 0 1,black,3,not available
6k1/1R5p/8/5pp1/2b3r1/4rN1K/PP1R2PP/8 b - - 0 1,black,3,not available
4Q3/6bk/p2P2p1/3Pp2p/2P1P2p/P1NKRq1b/1r6/1B6 b - - 0 1,black,3,not available
5r1k/R5pp/8/3R1q2/2P3n1/BP3BPK/P4P2/4r3 b - - 0 1,black,3,not available
1Q3br1/7p/5k2/1b2pp2/4p3/2Pq4/PP3PPP/4R1KR b - - 0 1,black,3,not available
2k3r1/pp3p2/2b1p3/1qp5/3b4/5P1P/PPP4P/R1BQ1R1K b - - 0 1,black,3,not available
rnb1k2r/pp1p1ppp/3Kpq2/8/2P2B2/1Q1BPN2/P7/R6R b kq - 0 1,black,3,not available
r3k2r/pbp2pp1/3b1n2/1p6/3P3p/1B2N1Pq/PP1P1P1P/R1BQNRK1 b kq - 0 1,black,3,not available
6k1/R2n1p1p/4b1p1/B1r5/5PPK/1r5P/3RN3/8 b - - 0 1,black,3,not available
5B2/7p/4q2n/4p1pk/P2n1b2/R3P2P/2r3P1/1Q3R1K b - - 0 1,black,3,not available
7k/5Rpq/pb3N2/1p4Q1/5p1p/1PP2P1P/1P4PK/3r4 b - - 0 1,black,3,not available
r3k2r/pp3p2/2pp4/4p3/3nPb1p/5PNq/PPP2P1P/R2Q1BRK b kq - 0 1,black,3,not available
6rr/3bkp2/3p4/p1pPp3/P1P1Pp2/2P2Pqp/1R3RPP/3Q1B1K b - - 0 1,black,3,not available
4r2k/pp3p2/2b3r1/7N/4n2p/2Pp1B1P/PP3P2/3RRK2 b - - 0 1,black,3,not available
k7/8/8/8/8/7q/3QNP1b/7K b - - 0 1,black,3,not available
8/1B5k/4b1p1/4B2p/3p2PK/1P1PbQ2/P6P/6q1 b - - 0 1,black,3,not available
1R5r/p3pk2/2Qp4/2pPBp2/2q4P/2P2K2/P4P2/7R b - - 0 1,black,3,not available
r7/ppp1k3/3p4/2b1pn2/6Rq/2P5/PPP3PP/R2Q3K b - - 0 1,black,3,not available
r5k1/ppp4p/2n4r/3bpp1n/1P3qP1/2PP4/P3BBPP/R2QNR1K b - - 0 1,black,3,not available
5rk1/6pp/p1q5/N7/2P3b1/1PQpB3/7P/R3n1KB b - - 0 1,black,3,not available
r2Bk3/ppp2pp1/2np4/4p3/2B1P1n1/3P4/PPPNKpP1/RN1r4 b q - 0 1,black,3,not available
r1b2r1k/pppp2pp/8/4N3/1PBn3q/2Q5/P2N1nPP/R1B1KR2 b Q - 0 1,black,3,not available
rn1k1b2/pppb2p1/8/3Q1P2/8/5Nq1/PPPPBn2/RNB1K3 b Q - 0 1,black,3,not available
rnbqk1nr/ppp2ppp/3b4/8/8/1P6/P1PPP1PP/RNBQKBNR b KQkq - 0 1,black,3,not available
5k2/5p2/6p1/2P3P1/3Q2K1/6P1/8/5q2 b - - 0 1,black,3,not available
6nr/pQ4pp/2Bk4/2b5/3r1pbq/2N5/PPP3PP/R1B2K1R b - - 0 1,black,3,not available
6k1/pb3ppp/8/1P6/3P4/5pPq/P1NQ4/4R1K1 b - - 0 1,black,3,not available
7k/p1q2p1p/2npp2P/1N6/6P1/3PP3/2K5/Q7 b - - 0 1,black,3,not available
r2q1rk1/pppb2pp/3b4/3n4/2PP4/2N1P3/PP1BB1PP/R2QK2R b - - 0 1,black,3,not available
r7/2p2pk1/p5p1/1p1Q2Kp/1P6/2P1N2P/1P2n1P1/R5b1 b - - 0 1,black,3,not available
7k/pbp3bp/3p4/1p5q/3n2p1/5rB1/PP1NrN1P/1Q1BRRK1 b - - 0 1,black,3,not available
2kr4/B1n2p1b/1Q2p3/1P6/2P5/3q4/5PrP/3RR2K b - - 0 1,black,3,not available
2kr3r/pb4p1/1p2pp2/2b5/2P1B3/1P1N2qp/PB2QP2/R4R1K b - - 0 1,black,3,not available
6k1/5p1p/6p1/8/2pPRqP1/P1P1RBNP/5P1K/r5r1 b - - 0 1,black,3,not available
4RB1k/1pp2p1p/8/7n/Q5nP/P5p1/1P1q2P1/5RK1 b - - 0 1,black,3,not available
1r1r4/8/1n6/2p5/2P5/1NK5/R6R/1k6 b - - 0 1,black,3,not available
2b1k3/8/p1pp2P1/2p3P1/7r/2Q3K1/PPP1q1R1/6R1 b - - 0 1,black,3,not available
4r1k1/5ppp/p5r1/8/PpNp1q2/3P4/1PP2P1R/R2Q3K b - - 0 1,black,3,not available
6k1/p4ppp/8/6K1/3QP3/7q/PPP5/R1B2R2 b - - 0 1,black,3,not available
3r2k1/R4pp1/8/P6K/4p3/4NnP1/4Nn1P/8 b - - 0 1,black,3,not available
6k1/1p5p/3p1rp1/P2Pbn2/1PB4P/3Q1q2/4R3/4B1K1 b - - 0 1,black,3,not available
1rr3k1/5p1p/p2Q2p1/N2b4/3Pp3/R3P3/4qPPP/5RK1 b - - 0 1,black,3,not available
8/4R2p/6pk/1P4r1/2P2QBK/RN5P/6r1/6q1 b - - 0 1,black,3,not available
4Q3/3P2pk/5p2/8/4p1PK/3rP2P/4nP2/8 b - - 0 1,black,3,not available
1r3k1r/p1p3p1/3q1n2/2b3p1/4p1b1/1B1P2P1/PPPQ1P1P/RNB2RK1 b - - 0 1,black,3,not available
4r1k1/p2Q2pp/8/3pq3/2p2b1B/2P2R1P/1N4P1/7K b - - 0 1,black,3,not available
7r/1RR2P2/5bk1/3p4/p3n2p/8/PPP3PP/5B1K b - - 0 1,black,3,not available
r1b3k1/pppn2bp/3p2r1/3P4/2P1PB1q/2N1KP2/PP2BP2/R4R2 b - - 0 1,black,3,not available
b7/k3bR1p/6p1/8/5P2/2Q3PK/6B1/rr6 b - - 0 1,black,3,not available
qk3r2/2p5/8/3P4/2Q5/P5Pp/1P5P/5R1K b - - 0 1,black,3,not available
Q7/5pkp/7r/4q3/6p1/5PP1/4n1KP/4RR2 b - - 0 1,black,3,not available
5r1k/ppq1p3/4Q1p1/2P2r2/1P4n1/6Pb/P4P2/R2NR1KB b - - 0 1,black,3,not available
3qk2r/1R1n1pp1/p1Qpp3/8/P2B1P2/5P2/5bK1/5R1B b - - 0 1,black,3,not available
6k1/5ppp/bqR1p3/p7/8/5P2/PP1r1RPP/3BQ1Kn b - - 0 1,black,3,not available
b7/8/8/1Q1B3q/8/6kp/3Rp3/4R2K b - - 0 1,black,3,not available
3R4/1Q3pkp/6p1/6B1/r2qr2P/PP4PK/2R3B1/4b3 b - - 0 1,black,3,not available
6k1/pp2ppbp/1q4p1/4P1N1/1Q3P2/BP2n1PP/P4R1K/3r4 b - - 0 1,black,3,not available
r4n1r/pp3pk1/2nq4/3p4/3P1Pp1/2NB2b1/PPP1NBP1/R2Q1RK1 b - - 0 1,black,3,not available
8/2p1nQ2/1p3p1k/4p1pN/4P1P1/1PP2RK1/P4PP1/2q4r b - - 0 1,black,3,not available
r7/p5k1/2p1pr2/Q1pPNPKp/8/1B1P1RP1/PP5q/8 b - - 0 1,black,3,not available
r7/1bb2p1k/p1n3pp/1p6/1PpP4/P3BKP1/3Q1P1P/R3R3 b - - 0 1,black,3,not available
6k1/1p5r/3p4/3PpPP1/5nKP/5QN1/1P6/6q1 b - - 0 1,black,3,not available
r2qkb2/ppp4p/2b5/5p2/2BP1n2/2P1P1K1/PP1Q3P/RNB2R2 b - - 0 1,black,3,not available
4r1k1/pp4pp/6B1/2Pp4/3N1q2/PQ1R3b/1B5P/2R4K b - - 0 1,black,3,not available
5r1k/3R1rpp/5q2/8/P6n/1Q6/6BP/3R3K b - - 0 1,black,3,not available
r1b5/5pk1/p7/1pp4p/4q3/NPP1b1P1/P3P1QP/R2R1K2 b - - 0 1,black,3,not available
6k1/pp3ppp/1q1b4/2r2N2/Q7/3B4/PP2rP2/RKB4R b - - 0 1,black,3,not available
5rk1/1p5p/3p2p1/pq1PPb2/1n6/B5Q1/P1BR2PP/5RK1 b - - 0 1,black,3,not available
6k1/5pp1/p3p2p/3r4/4Q2b/1P3P2/P4qPP/2B3RK b - - 0 1,black,3,not available
2k5/8/1R6/8/2Pnn3/6PP/2r5/5NK1 b - - 0 1,black,3,not available
3rk2r/p4ppp/b1p5/2b5/Nq2PPn1/1P6/P1P1N1PP/R1B1QK1R b - - 0 1,black,3,not available
7k/6pp/8/2bQP3/4n2q/8/2P2PPP/2B2RK1 b - - 0 1,black,3,not available
7k/4p2p/1p2Q3/p1pP2p1/4P1P1/2R2K2/PP3b2/5q2 b - - 0 1,black,3,not available
3k4/1p1r3p/5p1R/p7/1nK5/1P6/1PP2PPP/8 b - - 0 1,black,3,not available
1Q6/8/7k/3p4/2p3bp/2P1K1n1/1P4P1/5r2 b - - 0 1,black,3,not available
r4rk1/ppp3pp/3pb3/6K1/8/8/PB3bPP/RN1Q3R b - - 0 1,black,3,not available
5rk1/p1R4p/3p2p1/Pb1Pp2n/1p2P3/3Nb1PP/5rB1/R2Q2K1 b - - 0 1,black,3,not available
8/2p2ppk/4p2p/2Bp4/2nPb2P/2P1P1P1/7r/R1K1Q3 b - - 0 1,black,3,not available
r5k1/5ppp/2pp4/p4N2/K1P1r3/3nQ2P/Pb1RBPP1/7R b - - 0 1,black,3,not available
6r1/pbp1kp2/8/1p2P1q1/3pn3/NB5Q/PPP2bPP/R4R1K b - - 0 1,black,3,not available
5rk1/6bp/R2N2p1/7r/2P3K1/3Q2P1/P4q1P/7R b - - 0 1,black,3,not available
8/1p2qp1k/1Rp3b1/P2p3p/8/1P4P1/KR3Q1P/3r4 b - - 0 1,black,3,not available
7r/5pk1/8/2pq1p2/4r1p1/1Q4PP/P1RP4/2R3NK b - - 0 1,black,3,not available
1k1n2rr/p1q5/bp2pP2/2pp4/1P5n/2PP1P1p/P1QB3N/1RR2B1K b - - 0 1,black,3,not available
r1b2r1k/pp4pB/6Q1/3p2N1/2n5/1N2P1P1/PP3q1P/2R4K b - - 0 1,black,3,not available
6rr/1b2k3/p2pp3/1p2bP1P/6P1/1PNB3K/1PP5/3R1R2 b - - 0 1,black,3,not available
